id_A,name_A,city_A,id_B,name_B,city_B
583,montrachet,'new york',268,montrachet,'new york city'
592,'second avenue deli','new york',277,'second avenue deli','new york city'
574,'la cote basque','new york',259,'la cote basque','new york city'
560,'cafe lalo','new york',245,'cafe lalo','new york city'
579,'manhattan ocean club','new york',264,'manhattan ocean club','new york city'
588,pisces,'new york',273,pisces,'new york city'
597,'tavern on the green','new york',282,'tavern on the green','new york city'
565,daniel,'new york',250,daniel,'new york city'
598,'uncle nick\'s','new york',283,'uncle nick\'s','new york city'
551,'philippe\'s the original','los angeles',236,'philippe the original',chinatown
570,'gramercy tavern','new york',255,'gramercy tavern','new york city'
561,'cafe des artistes','new york',246,'cafe des artistes','new york city'
552,'pinot bistro','los angeles',237,'pinot bistro','studio city'
593,seryna,'new york',278,seryna,'new york city'
556,'yujean kang\'s gourmet chinese cuisine','los angeles',241,'yujean kang\'s',pasadena
557,'21 club','new york',242,'21 club','new york city'
566,dawat,'new york',251,dawat,'new york city'
575,'le bernardin','new york',260,'le bernardin','new york city'
543,'grill on the alley','los angeles',228,'grill  the','beverly hills'
584,oceana,'new york',269,oceana,'new york city'
594,'shun lee west','new york',279,'shun lee palace','new york city'
562,'carmine\'s','new york',247,'carmine\'s','new york city'
571,'island spice','new york',256,'island spice','new york city'
580,march,'new york',265,march,'new york city'
589,'rainbow room','new york',274,'rainbow room','new york city'
599,'union square cafe','new york',284,'union square cafe','new york city'
585,'park avenue cafe','new york',270,'park avenue cafe (new york city)','new york city'
567,felidia,'new york',252,felidia,'new york city'
576,'les celebrites','new york',261,'les celebrites','new york city'
544,'restaurant katsu','los angeles',229,katsu,'los feliz'
586,petrossian,'new york',271,petrossian,'new york city'
595,'sign of the dove','new york',280,'sign of the dove','new york city'
549,'the palm','los angeles',234,'palm  the (los angeles)','w. hollywood'
581,'mesa grill','new york',266,'mesa grill','new york city'
572,'jo jo','new york',257,'jo jo','new york city'
558,aquavit,'new york',243,aquavit,'new york city'
591,'san domenico','new york',276,'san domenico','new york city'
577,lespinasse,'new york',262,'lespinasse (new york city)','new york city'
545,'l\'orangerie','los angeles',230,'l\'orangerie','w. hollywood'
600,'virgil\'s','new york',285,'virgil\'s real bbq','new york city'
554,spago,'los angeles',239,'spago (los angeles)','w. hollywood'
563,'carnegie deli','new york',248,'carnegie deli','new york city'
573,'la caravelle','new york',258,'la caravelle','new york city'
582,'mi cocina','new york',267,'mi cocina','new york city'
559,aureole,'new york',244,aureole,'new york city'
568,'four seasons grill room','new york',253,'four seasons','new york city'
541,fenix,hollywood,226,'fenix at the argyle','w. hollywood'
596,'smith & wollensky','new york',281,'smith & wollensky','new york city'
569,'gotham bar & grill','new york',254,'gotham bar & grill','new york city'
578,lutece,'new york',263,lutece,'new york city'
587,picholine,'new york',272,picholine,'new york city'
564,chanterelle,'new york',249,chanterelle,'new york city'
