id_A,id_B
534,6
534,55
534,67
534,219
534,223
534,225
534,231
534,232
534,235
534,238
535,32
535,62
535,220
535,237
536,221
537,222
538,6
538,55
538,67
538,219
538,223
538,225
538,231
538,232
538,235
538,238
539,5
539,25
539,44
539,48
539,56
539,224
539,240
540,6
540,55
540,67
540,219
540,223
540,225
540,231
540,232
540,235
540,238
541,22
542,36
542,227
543,6
543,55
543,67
543,219
543,223
543,225
543,231
543,232
543,235
543,238
544,6
544,55
544,67
544,219
544,223
544,225
544,231
544,232
544,235
544,238
545,6
545,55
545,67
545,219
545,223
545,225
545,231
545,232
545,235
545,238
546,6
546,55
546,67
546,219
546,223
546,225
546,231
546,232
546,235
546,238
547,6
547,55
547,67
547,219
547,223
547,225
547,231
547,232
547,235
547,238
548,4
548,9
548,13
548,60
548,228
548,233
549,6
549,55
549,67
549,219
549,223
549,225
549,231
549,232
549,235
549,238
550,6
550,55
550,67
550,219
550,223
550,225
550,231
550,232
550,235
550,238
551,6
551,55
551,67
551,219
551,223
551,225
551,231
551,232
551,235
551,238
552,6
552,55
552,67
552,219
552,223
552,225
552,231
552,232
552,235
552,238
553,6
553,55
553,67
553,219
553,223
553,225
553,231
553,232
553,235
553,238
554,6
554,55
554,67
554,219
554,223
554,225
554,231
554,232
554,235
554,238
555,5
555,25
555,44
555,48
555,56
555,224
555,240
556,6
556,55
556,67
556,219
556,223
556,225
556,231
556,232
556,235
556,238
590,91
590,97
590,103
590,104
590,275
601,123
601,124
601,125
601,126
601,127
601,128
601,129
601,130
601,131
601,132
601,133
601,134
601,135
601,136
601,137
601,138
601,139
601,140
601,141
601,286
601,287
601,288
601,289
601,290
601,291
601,292
602,123
602,124
602,125
602,126
602,127
602,128
602,129
602,130
602,131
602,132
602,133
602,134
602,135
602,136
602,137
602,138
602,139
602,140
602,141
602,286
602,287
602,288
602,289
602,290
602,291
602,292
603,123
603,124
603,125
603,126
603,127
603,128
603,129
603,130
603,131
603,132
603,133
603,134
603,135
603,136
603,137
603,138
603,139
603,140
603,141
603,286
603,287
603,288
603,289
603,290
603,291
603,292
604,123
604,124
604,125
604,126
604,127
604,128
604,129
604,130
604,131
604,132
604,133
604,134
604,135
604,136
604,137
604,138
604,139
604,140
604,141
604,286
604,287
604,288
604,289
604,290
604,291
604,292
605,123
605,124
605,125
605,126
605,127
605,128
605,129
605,130
605,131
605,132
605,133
605,134
605,135
605,136
605,137
605,138
605,139
605,140
605,141
605,286
605,287
605,288
605,289
605,290
605,291
605,292
606,123
606,124
606,125
606,126
606,127
606,128
606,129
606,130
606,131
606,132
606,133
606,134
606,135
606,136
606,137
606,138
606,139
606,140
606,141
606,286
606,287
606,288
606,289
606,290
606,291
606,292
607,123
607,124
607,125
607,126
607,127
607,128
607,129
607,130
607,131
607,132
607,133
607,134
607,135
607,136
607,137
607,138
607,139
607,140
607,141
607,286
607,287
607,288
607,289
607,290
607,291
607,292
608,142
608,143
608,144
608,145
608,146
608,147
608,148
608,149
608,150
608,151
608,154
608,155
608,156
608,157
608,158
608,159
608,161
608,162
608,165
608,166
608,168
608,170
608,171
608,172
608,173
608,174
608,175
608,176
608,178
608,179
608,180
608,181
608,182
608,184
608,185
608,293
608,294
608,295
608,296
608,297
608,298
608,299
608,300
608,301
608,302
608,303
608,304
608,305
608,306
608,307
608,308
608,309
608,310
608,311
608,312
608,331
609,142
609,143
609,144
609,145
609,146
609,147
609,148
609,149
609,150
609,151
609,154
609,155
609,156
609,157
609,158
609,159
609,161
609,162
609,165
609,166
609,168
609,170
609,171
609,172
609,173
609,174
609,175
609,176
609,178
609,179
609,180
609,181
609,182
609,184
609,185
609,293
609,294
609,295
609,296
609,297
609,298
609,299
609,300
609,301
609,302
609,303
609,304
609,305
609,306
609,307
609,308
609,309
609,310
609,311
609,312
609,331
610,142
610,143
610,144
610,145
610,146
610,147
610,148
610,149
610,150
610,151
610,154
610,155
610,156
610,157
610,158
610,159
610,161
610,162
610,165
610,166
610,168
610,170
610,171
610,172
610,173
610,174
610,175
610,176
610,178
610,179
610,180
610,181
610,182
610,184
610,185
610,293
610,294
610,295
610,296
610,297
610,298
610,299
610,300
610,301
610,302
610,303
610,304
610,305
610,306
610,307
610,308
610,309
610,310
610,311
610,312
610,331
611,142
611,143
611,144
611,145
611,146
611,147
611,148
611,149
611,150
611,151
611,154
611,155
611,156
611,157
611,158
611,159
611,161
611,162
611,165
611,166
611,168
611,170
611,171
611,172
611,173
611,174
611,175
611,176
611,178
611,179
611,180
611,181
611,182
611,184
611,185
611,293
611,294
611,295
611,296
611,297
611,298
611,299
611,300
611,301
611,302
611,303
611,304
611,305
611,306
611,307
611,308
611,309
611,310
611,311
611,312
611,331
612,142
612,143
612,144
612,145
612,146
612,147
612,148
612,149
612,150
612,151
612,154
612,155
612,156
612,157
612,158
612,159
612,161
612,162
612,165
612,166
612,168
612,170
612,171
612,172
612,173
612,174
612,175
612,176
612,178
612,179
612,180
612,181
612,182
612,184
612,185
612,293
612,294
612,295
612,296
612,297
612,298
612,299
612,300
612,301
612,302
612,303
612,304
612,305
612,306
612,307
612,308
612,309
612,310
612,311
612,312
612,331
613,142
613,143
613,144
613,145
613,146
613,147
613,148
613,149
613,150
613,151
613,154
613,155
613,156
613,157
613,158
613,159
613,161
613,162
613,165
613,166
613,168
613,170
613,171
613,172
613,173
613,174
613,175
613,176
613,178
613,179
613,180
613,181
613,182
613,184
613,185
613,293
613,294
613,295
613,296
613,297
613,298
613,299
613,300
613,301
613,302
613,303
613,304
613,305
613,306
613,307
613,308
613,309
613,310
613,311
613,312
613,331
614,142
614,143
614,144
614,145
614,146
614,147
614,148
614,149
614,150
614,151
614,154
614,155
614,156
614,157
614,158
614,159
614,161
614,162
614,165
614,166
614,168
614,170
614,171
614,172
614,173
614,174
614,175
614,176
614,178
614,179
614,180
614,181
614,182
614,184
614,185
614,293
614,294
614,295
614,296
614,297
614,298
614,299
614,300
614,301
614,302
614,303
614,304
614,305
614,306
614,307
614,308
614,309
614,310
614,311
614,312
614,331
615,142
615,143
615,144
615,145
615,146
615,147
615,148
615,149
615,150
615,151
615,154
615,155
615,156
615,157
615,158
615,159
615,161
615,162
615,165
615,166
615,168
615,170
615,171
615,172
615,173
615,174
615,175
615,176
615,178
615,179
615,180
615,181
615,182
615,184
615,185
615,293
615,294
615,295
615,296
615,297
615,298
615,299
615,300
615,301
615,302
615,303
615,304
615,305
615,306
615,307
615,308
615,309
615,310
615,311
615,312
615,331
616,142
616,143
616,144
616,145
616,146
616,147
616,148
616,149
616,150
616,151
616,154
616,155
616,156
616,157
616,158
616,159
616,161
616,162
616,165
616,166
616,168
616,170
616,171
616,172
616,173
616,174
616,175
616,176
616,178
616,179
616,180
616,181
616,182
616,184
616,185
616,293
616,294
616,295
616,296
616,297
616,298
616,299
616,300
616,301
616,302
616,303
616,304
616,305
616,306
616,307
616,308
616,309
616,310
616,311
616,312
616,331
617,142
617,143
617,144
617,145
617,146
617,147
617,148
617,149
617,150
617,151
617,154
617,155
617,156
617,157
617,158
617,159
617,161
617,162
617,165
617,166
617,168
617,170
617,171
617,172
617,173
617,174
617,175
617,176
617,178
617,179
617,180
617,181
617,182
617,184
617,185
617,293
617,294
617,295
617,296
617,297
617,298
617,299
617,300
617,301
617,302
617,303
617,304
617,305
617,306
617,307
617,308
617,309
617,310
617,311
617,312
617,331
618,142
618,143
618,144
618,145
618,146
618,147
618,148
618,149
618,150
618,151
618,154
618,155
618,156
618,157
618,158
618,159
618,161
618,162
618,165
618,166
618,168
618,170
618,171
618,172
618,173
618,174
618,175
618,176
618,178
618,179
618,180
618,181
618,182
618,184
618,185
618,293
618,294
618,295
618,296
618,297
618,298
618,299
618,300
618,301
618,302
618,303
618,304
618,305
618,306
618,307
618,308
618,309
618,310
618,311
618,312
618,331
619,142
619,143
619,144
619,145
619,146
619,147
619,148
619,149
619,150
619,151
619,154
619,155
619,156
619,157
619,158
619,159
619,161
619,162
619,165
619,166
619,168
619,170
619,171
619,172
619,173
619,174
619,175
619,176
619,178
619,179
619,180
619,181
619,182
619,184
619,185
619,293
619,294
619,295
619,296
619,297
619,298
619,299
619,300
619,301
619,302
619,303
619,304
619,305
619,306
619,307
619,308
619,309
619,310
619,311
619,312
619,331
620,142
620,143
620,144
620,145
620,146
620,147
620,148
620,149
620,150
620,151
620,154
620,155
620,156
620,157
620,158
620,159
620,161
620,162
620,165
620,166
620,168
620,170
620,171
620,172
620,173
620,174
620,175
620,176
620,178
620,179
620,180
620,181
620,182
620,184
620,185
620,293
620,294
620,295
620,296
620,297
620,298
620,299
620,300
620,301
620,302
620,303
620,304
620,305
620,306
620,307
620,308
620,309
620,310
620,311
620,312
620,331
621,142
621,143
621,144
621,145
621,146
621,147
621,148
621,149
621,150
621,151
621,154
621,155
621,156
621,157
621,158
621,159
621,161
621,162
621,165
621,166
621,168
621,170
621,171
621,172
621,173
621,174
621,175
621,176
621,178
621,179
621,180
621,181
621,182
621,184
621,185
621,293
621,294
621,295
621,296
621,297
621,298
621,299
621,300
621,301
621,302
621,303
621,304
621,305
621,306
621,307
621,308
621,309
621,310
621,311
621,312
621,331
622,142
622,143
622,144
622,145
622,146
622,147
622,148
622,149
622,150
622,151
622,154
622,155
622,156
622,157
622,158
622,159
622,161
622,162
622,165
622,166
622,168
622,170
622,171
622,172
622,173
622,174
622,175
622,176
622,178
622,179
622,180
622,181
622,182
622,184
622,185
622,293
622,294
622,295
622,296
622,297
622,298
622,299
622,300
622,301
622,302
622,303
622,304
622,305
622,306
622,307
622,308
622,309
622,310
622,311
622,312
622,331
623,142
623,143
623,144
623,145
623,146
623,147
623,148
623,149
623,150
623,151
623,154
623,155
623,156
623,157
623,158
623,159
623,161
623,162
623,165
623,166
623,168
623,170
623,171
623,172
623,173
623,174
623,175
623,176
623,178
623,179
623,180
623,181
623,182
623,184
623,185
623,293
623,294
623,295
623,296
623,297
623,298
623,299
623,300
623,301
623,302
623,303
623,304
623,305
623,306
623,307
623,308
623,309
623,310
623,311
623,312
623,331
624,142
624,143
624,144
624,145
624,146
624,147
624,148
624,149
624,150
624,151
624,154
624,155
624,156
624,157
624,158
624,159
624,161
624,162
624,165
624,166
624,168
624,170
624,171
624,172
624,173
624,174
624,175
624,176
624,178
624,179
624,180
624,181
624,182
624,184
624,185
624,293
624,294
624,295
624,296
624,297
624,298
624,299
624,300
624,301
624,302
624,303
624,304
624,305
624,306
624,307
624,308
624,309
624,310
624,311
624,312
624,331
625,142
625,143
625,144
625,145
625,146
625,147
625,148
625,149
625,150
625,151
625,154
625,155
625,156
625,157
625,158
625,159
625,161
625,162
625,165
625,166
625,168
625,170
625,171
625,172
625,173
625,174
625,175
625,176
625,178
625,179
625,180
625,181
625,182
625,184
625,185
625,293
625,294
625,295
625,296
625,297
625,298
625,299
625,300
625,301
625,302
625,303
625,304
625,305
625,306
625,307
625,308
625,309
625,310
625,311
625,312
625,331
626,142
626,143
626,144
626,145
626,146
626,147
626,148
626,149
626,150
626,151
626,154
626,155
626,156
626,157
626,158
626,159
626,161
626,162
626,165
626,166
626,168
626,170
626,171
626,172
626,173
626,174
626,175
626,176
626,178
626,179
626,180
626,181
626,182
626,184
626,185
626,293
626,294
626,295
626,296
626,297
626,298
626,299
626,300
626,301
626,302
626,303
626,304
626,305
626,306
626,307
626,308
626,309
626,310
626,311
626,312
626,331
627,142
627,143
627,144
627,145
627,146
627,147
627,148
627,149
627,150
627,151
627,154
627,155
627,156
627,157
627,158
627,159
627,161
627,162
627,165
627,166
627,168
627,170
627,171
627,172
627,173
627,174
627,175
627,176
627,178
627,179
627,180
627,181
627,182
627,184
627,185
627,293
627,294
627,295
627,296
627,297
627,298
627,299
627,300
627,301
627,302
627,303
627,304
627,305
627,306
627,307
627,308
627,309
627,310
627,311
627,312
627,331
628,187
628,188
628,189
628,190
628,191
628,192
628,193
628,194
628,195
628,196
628,197
628,198
628,199
628,200
628,201
628,202
628,203
628,204
628,205
628,206
628,207
628,208
628,209
628,210
628,211
628,212
628,213
628,214
628,215
628,216
628,217
628,218
628,313
628,314
628,315
628,316
628,317
628,318
628,319
628,320
628,321
628,322
628,323
628,324
628,325
628,326
628,327
628,328
628,329
628,330
629,187
629,188
629,189
629,190
629,191
629,192
629,193
629,194
629,195
629,196
629,197
629,198
629,199
629,200
629,201
629,202
629,203
629,204
629,205
629,206
629,207
629,208
629,209
629,210
629,211
629,212
629,213
629,214
629,215
629,216
629,217
629,218
629,313
629,314
629,315
629,316
629,317
629,318
629,319
629,320
629,321
629,322
629,323
629,324
629,325
629,326
629,327
629,328
629,329
629,330
630,187
630,188
630,189
630,190
630,191
630,192
630,193
630,194
630,195
630,196
630,197
630,198
630,199
630,200
630,201
630,202
630,203
630,204
630,205
630,206
630,207
630,208
630,209
630,210
630,211
630,212
630,213
630,214
630,215
630,216
630,217
630,218
630,313
630,314
630,315
630,316
630,317
630,318
630,319
630,320
630,321
630,322
630,323
630,324
630,325
630,326
630,327
630,328
630,329
630,330
631,187
631,188
631,189
631,190
631,191
631,192
631,193
631,194
631,195
631,196
631,197
631,198
631,199
631,200
631,201
631,202
631,203
631,204
631,205
631,206
631,207
631,208
631,209
631,210
631,211
631,212
631,213
631,214
631,215
631,216
631,217
631,218
631,313
631,314
631,315
631,316
631,317
631,318
631,319
631,320
631,321
631,322
631,323
631,324
631,325
631,326
631,327
631,328
631,329
631,330
632,187
632,188
632,189
632,190
632,191
632,192
632,193
632,194
632,195
632,196
632,197
632,198
632,199
632,200
632,201
632,202
632,203
632,204
632,205
632,206
632,207
632,208
632,209
632,210
632,211
632,212
632,213
632,214
632,215
632,216
632,217
632,218
632,313
632,314
632,315
632,316
632,317
632,318
632,319
632,320
632,321
632,322
632,323
632,324
632,325
632,326
632,327
632,328
632,329
632,330
633,187
633,188
633,189
633,190
633,191
633,192
633,193
633,194
633,195
633,196
633,197
633,198
633,199
633,200
633,201
633,202
633,203
633,204
633,205
633,206
633,207
633,208
633,209
633,210
633,211
633,212
633,213
633,214
633,215
633,216
633,217
633,218
633,313
633,314
633,315
633,316
633,317
633,318
633,319
633,320
633,321
633,322
633,323
633,324
633,325
633,326
633,327
633,328
633,329
633,330
634,187
634,188
634,189
634,190
634,191
634,192
634,193
634,194
634,195
634,196
634,197
634,198
634,199
634,200
634,201
634,202
634,203
634,204
634,205
634,206
634,207
634,208
634,209
634,210
634,211
634,212
634,213
634,214
634,215
634,216
634,217
634,218
634,313
634,314
634,315
634,316
634,317
634,318
634,319
634,320
634,321
634,322
634,323
634,324
634,325
634,326
634,327
634,328
634,329
634,330
635,187
635,188
635,189
635,190
635,191
635,192
635,193
635,194
635,195
635,196
635,197
635,198
635,199
635,200
635,201
635,202
635,203
635,204
635,205
635,206
635,207
635,208
635,209
635,210
635,211
635,212
635,213
635,214
635,215
635,216
635,217
635,218
635,313
635,314
635,315
635,316
635,317
635,318
635,319
635,320
635,321
635,322
635,323
635,324
635,325
635,326
635,327
635,328
635,329
635,330
636,187
636,188
636,189
636,190
636,191
636,192
636,193
636,194
636,195
636,196
636,197
636,198
636,199
636,200
636,201
636,202
636,203
636,204
636,205
636,206
636,207
636,208
636,209
636,210
636,211
636,212
636,213
636,214
636,215
636,216
636,217
636,218
636,313
636,314
636,315
636,316
636,317
636,318
636,319
636,320
636,321
636,322
636,323
636,324
636,325
636,326
636,327
636,328
636,329
636,330
637,187
637,188
637,189
637,190
637,191
637,192
637,193
637,194
637,195
637,196
637,197
637,198
637,199
637,200
637,201
637,202
637,203
637,204
637,205
637,206
637,207
637,208
637,209
637,210
637,211
637,212
637,213
637,214
637,215
637,216
637,217
637,218
637,313
637,314
637,315
637,316
637,317
637,318
637,319
637,320
637,321
637,322
637,323
637,324
637,325
637,326
637,327
637,328
637,329
637,330
638,187
638,188
638,189
638,190
638,191
638,192
638,193
638,194
638,195
638,196
638,197
638,198
638,199
638,200
638,201
638,202
638,203
638,204
638,205
638,206
638,207
638,208
638,209
638,210
638,211
638,212
638,213
638,214
638,215
638,216
638,217
638,218
638,313
638,314
638,315
638,316
638,317
638,318
638,319
638,320
638,321
638,322
638,323
638,324
638,325
638,326
638,327
638,328
638,329
638,330
639,187
639,188
639,189
639,190
639,191
639,192
639,193
639,194
639,195
639,196
639,197
639,198
639,199
639,200
639,201
639,202
639,203
639,204
639,205
639,206
639,207
639,208
639,209
639,210
639,211
639,212
639,213
639,214
639,215
639,216
639,217
639,218
639,313
639,314
639,315
639,316
639,317
639,318
639,319
639,320
639,321
639,322
639,323
639,324
639,325
639,326
639,327
639,328
639,329
639,330
640,187
640,188
640,189
640,190
640,191
640,192
640,193
640,194
640,195
640,196
640,197
640,198
640,199
640,200
640,201
640,202
640,203
640,204
640,205
640,206
640,207
640,208
640,209
640,210
640,211
640,212
640,213
640,214
640,215
640,216
640,217
640,218
640,313
640,314
640,315
640,316
640,317
640,318
640,319
640,320
640,321
640,322
640,323
640,324
640,325
640,326
640,327
640,328
640,329
640,330
641,187
641,188
641,189
641,190
641,191
641,192
641,193
641,194
641,195
641,196
641,197
641,198
641,199
641,200
641,201
641,202
641,203
641,204
641,205
641,206
641,207
641,208
641,209
641,210
641,211
641,212
641,213
641,214
641,215
641,216
641,217
641,218
641,313
641,314
641,315
641,316
641,317
641,318
641,319
641,320
641,321
641,322
641,323
641,324
641,325
641,326
641,327
641,328
641,329
641,330
642,187
642,188
642,189
642,190
642,191
642,192
642,193
642,194
642,195
642,196
642,197
642,198
642,199
642,200
642,201
642,202
642,203
642,204
642,205
642,206
642,207
642,208
642,209
642,210
642,211
642,212
642,213
642,214
642,215
642,216
642,217
642,218
642,313
642,314
642,315
642,316
642,317
642,318
642,319
642,320
642,321
642,322
642,323
642,324
642,325
642,326
642,327
642,328
642,329
642,330
643,187
643,188
643,189
643,190
643,191
643,192
643,193
643,194
643,195
643,196
643,197
643,198
643,199
643,200
643,201
643,202
643,203
643,204
643,205
643,206
643,207
643,208
643,209
643,210
643,211
643,212
643,213
643,214
643,215
643,216
643,217
643,218
643,313
643,314
643,315
643,316
643,317
643,318
643,319
643,320
643,321
643,322
643,323
643,324
643,325
643,326
643,327
643,328
643,329
643,330
644,187
644,188
644,189
644,190
644,191
644,192
644,193
644,194
644,195
644,196
644,197
644,198
644,199
644,200
644,201
644,202
644,203
644,204
644,205
644,206
644,207
644,208
644,209
644,210
644,211
644,212
644,213
644,214
644,215
644,216
644,217
644,218
644,313
644,314
644,315
644,316
644,317
644,318
644,319
644,320
644,321
644,322
644,323
644,324
644,325
644,326
644,327
644,328
644,329
644,330
645,187
645,188
645,189
645,190
645,191
645,192
645,193
645,194
645,195
645,196
645,197
645,198
645,199
645,200
645,201
645,202
645,203
645,204
645,205
645,206
645,207
645,208
645,209
645,210
645,211
645,212
645,213
645,214
645,215
645,216
645,217
645,218
645,313
645,314
645,315
645,316
645,317
645,318
645,319
645,320
645,321
645,322
645,323
645,324
645,325
645,326
645,327
645,328
645,329
645,330
649,6
649,55
649,67
649,219
649,223
649,225
649,231
649,232
649,235
649,238
650,4
650,9
650,13
650,60
650,228
650,233
651,36
651,227
652,6
652,55
652,67
652,219
652,223
652,225
652,231
652,232
652,235
652,238
653,6
653,55
653,67
653,219
653,223
653,225
653,231
653,232
653,235
653,238
654,5
654,25
654,44
654,48
654,56
654,224
654,240
655,6
655,55
655,67
655,219
655,223
655,225
655,231
655,232
655,235
655,238
656,6
656,55
656,67
656,219
656,223
656,225
656,231
656,232
656,235
656,238
657,6
657,55
657,67
657,219
657,223
657,225
657,231
657,232
657,235
657,238
658,6
658,55
658,67
658,219
658,223
658,225
658,231
658,232
658,235
658,238
659,6
659,55
659,67
659,219
659,223
659,225
659,231
659,232
659,235
659,238
660,6
660,55
660,67
660,219
660,223
660,225
660,231
660,232
660,235
660,238
661,6
661,55
661,67
661,219
661,223
661,225
661,231
661,232
661,235
661,238
662,6
662,55
662,67
662,219
662,223
662,225
662,231
662,232
662,235
662,238
663,6
663,55
663,67
663,219
663,223
663,225
663,231
663,232
663,235
663,238
664,6
664,55
664,67
664,219
664,223
664,225
664,231
664,232
664,235
664,238
665,6
665,55
665,67
665,219
665,223
665,225
665,231
665,232
665,235
665,238
666,5
666,25
666,44
666,48
666,56
666,224
666,240
667,6
667,55
667,67
667,219
667,223
667,225
667,231
667,232
667,235
667,238
668,6
668,55
668,67
668,219
668,223
668,225
668,231
668,232
668,235
668,238
669,6
669,55
669,67
669,219
669,223
669,225
669,231
669,232
669,235
669,238
670,6
670,55
670,67
670,219
670,223
670,225
670,231
670,232
670,235
670,238
671,6
671,55
671,67
671,219
671,223
671,225
671,231
671,232
671,235
671,238
672,5
672,25
672,44
672,48
672,56
672,224
672,240
674,6
674,55
674,67
674,219
674,223
674,225
674,231
674,232
674,235
674,238
675,6
675,55
675,67
675,219
675,223
675,225
675,231
675,232
675,235
675,238
676,6
676,55
676,67
676,219
676,223
676,225
676,231
676,232
676,235
676,238
677,6
677,55
677,67
677,219
677,223
677,225
677,231
677,232
677,235
677,238
678,6
678,55
678,67
678,219
678,223
678,225
678,231
678,232
678,235
678,238
679,6
679,55
679,67
679,219
679,223
679,225
679,231
679,232
679,235
679,238
680,6
680,55
680,67
680,219
680,223
680,225
680,231
680,232
680,235
680,238
681,6
681,55
681,67
681,219
681,223
681,225
681,231
681,232
681,235
681,238
682,6
682,55
682,67
682,219
682,223
682,225
682,231
682,232
682,235
682,238
683,6
683,55
683,67
683,219
683,223
683,225
683,231
683,232
683,235
683,238
684,6
684,55
684,67
684,219
684,223
684,225
684,231
684,232
684,235
684,238
685,6
685,55
685,67
685,219
685,223
685,225
685,231
685,232
685,235
685,238
686,6
686,55
686,67
686,219
686,223
686,225
686,231
686,232
686,235
686,238
687,6
687,55
687,67
687,219
687,223
687,225
687,231
687,232
687,235
687,238
688,5
688,25
688,44
688,48
688,56
688,224
688,240
689,6
689,55
689,67
689,219
689,223
689,225
689,231
689,232
689,235
689,238
690,6
690,55
690,67
690,219
690,223
690,225
690,231
690,232
690,235
690,238
692,6
692,55
692,67
692,219
692,223
692,225
692,231
692,232
692,235
692,238
693,222
694,6
694,55
694,67
694,219
694,223
694,225
694,231
694,232
694,235
694,238
695,6
695,55
695,67
695,219
695,223
695,225
695,231
695,232
695,235
695,238
696,5
696,25
696,44
696,48
696,56
696,224
696,240
697,6
697,55
697,67
697,219
697,223
697,225
697,231
697,232
697,235
697,238
698,6
698,55
698,67
698,219
698,223
698,225
698,231
698,232
698,235
698,238
699,6
699,55
699,67
699,219
699,223
699,225
699,231
699,232
699,235
699,238
700,6
700,55
700,67
700,219
700,223
700,225
700,231
700,232
700,235
700,238
701,6
701,55
701,67
701,219
701,223
701,225
701,231
701,232
701,235
701,238
702,6
702,55
702,67
702,219
702,223
702,225
702,231
702,232
702,235
702,238
703,6
703,55
703,67
703,219
703,223
703,225
703,231
703,232
703,235
703,238
704,6
704,55
704,67
704,219
704,223
704,225
704,231
704,232
704,235
704,238
705,6
705,55
705,67
705,219
705,223
705,225
705,231
705,232
705,235
705,238
706,6
706,55
706,67
706,219
706,223
706,225
706,231
706,232
706,235
706,238
707,229
708,6
708,55
708,67
708,219
708,223
708,225
708,231
708,232
708,235
708,238
913,142
913,143
913,144
913,145
913,146
913,147
913,148
913,149
913,150
913,151
913,154
913,155
913,156
913,157
913,158
913,159
913,161
913,162
913,165
913,166
913,168
913,170
913,171
913,172
913,173
913,174
913,175
913,176
913,178
913,179
913,180
913,181
913,182
913,184
913,185
913,293
913,294
913,295
913,296
913,297
913,298
913,299
913,300
913,301
913,302
913,303
913,304
913,305
913,306
913,307
913,308
913,309
913,310
913,311
913,312
913,331
914,142
914,143
914,144
914,145
914,146
914,147
914,148
914,149
914,150
914,151
914,154
914,155
914,156
914,157
914,158
914,159
914,161
914,162
914,165
914,166
914,168
914,170
914,171
914,172
914,173
914,174
914,175
914,176
914,178
914,179
914,180
914,181
914,182
914,184
914,185
914,293
914,294
914,295
914,296
914,297
914,298
914,299
914,300
914,301
914,302
914,303
914,304
914,305
914,306
914,307
914,308
914,309
914,310
914,311
914,312
914,331
915,142
915,143
915,144
915,145
915,146
915,147
915,148
915,149
915,150
915,151
915,154
915,155
915,156
915,157
915,158
915,159
915,161
915,162
915,165
915,166
915,168
915,170
915,171
915,172
915,173
915,174
915,175
915,176
915,178
915,179
915,180
915,181
915,182
915,184
915,185
915,293
915,294
915,295
915,296
915,297
915,298
915,299
915,300
915,301
915,302
915,303
915,304
915,305
915,306
915,307
915,308
915,309
915,310
915,311
915,312
915,331
916,142
916,143
916,144
916,145
916,146
916,147
916,148
916,149
916,150
916,151
916,154
916,155
916,156
916,157
916,158
916,159
916,161
916,162
916,165
916,166
916,168
916,170
916,171
916,172
916,173
916,174
916,175
916,176
916,178
916,179
916,180
916,181
916,182
916,184
916,185
916,293
916,294
916,295
916,296
916,297
916,298
916,299
916,300
916,301
916,302
916,303
916,304
916,305
916,306
916,307
916,308
916,309
916,310
916,311
916,312
916,331
917,142
917,143
917,144
917,145
917,146
917,147
917,148
917,149
917,150
917,151
917,154
917,155
917,156
917,157
917,158
917,159
917,161
917,162
917,165
917,166
917,168
917,170
917,171
917,172
917,173
917,174
917,175
917,176
917,178
917,179
917,180
917,181
917,182
917,184
917,185
917,293
917,294
917,295
917,296
917,297
917,298
917,299
917,300
917,301
917,302
917,303
917,304
917,305
917,306
917,307
917,308
917,309
917,310
917,311
917,312
917,331
918,142
918,143
918,144
918,145
918,146
918,147
918,148
918,149
918,150
918,151
918,154
918,155
918,156
918,157
918,158
918,159
918,161
918,162
918,165
918,166
918,168
918,170
918,171
918,172
918,173
918,174
918,175
918,176
918,178
918,179
918,180
918,181
918,182
918,184
918,185
918,293
918,294
918,295
918,296
918,297
918,298
918,299
918,300
918,301
918,302
918,303
918,304
918,305
918,306
918,307
918,308
918,309
918,310
918,311
918,312
918,331
919,142
919,143
919,144
919,145
919,146
919,147
919,148
919,149
919,150
919,151
919,154
919,155
919,156
919,157
919,158
919,159
919,161
919,162
919,165
919,166
919,168
919,170
919,171
919,172
919,173
919,174
919,175
919,176
919,178
919,179
919,180
919,181
919,182
919,184
919,185
919,293
919,294
919,295
919,296
919,297
919,298
919,299
919,300
919,301
919,302
919,303
919,304
919,305
919,306
919,307
919,308
919,309
919,310
919,311
919,312
919,331
920,142
920,143
920,144
920,145
920,146
920,147
920,148
920,149
920,150
920,151
920,154
920,155
920,156
920,157
920,158
920,159
920,161
920,162
920,165
920,166
920,168
920,170
920,171
920,172
920,173
920,174
920,175
920,176
920,178
920,179
920,180
920,181
920,182
920,184
920,185
920,293
920,294
920,295
920,296
920,297
920,298
920,299
920,300
920,301
920,302
920,303
920,304
920,305
920,306
920,307
920,308
920,309
920,310
920,311
920,312
920,331
921,142
921,143
921,144
921,145
921,146
921,147
921,148
921,149
921,150
921,151
921,154
921,155
921,156
921,157
921,158
921,159
921,161
921,162
921,165
921,166
921,168
921,170
921,171
921,172
921,173
921,174
921,175
921,176
921,178
921,179
921,180
921,181
921,182
921,184
921,185
921,293
921,294
921,295
921,296
921,297
921,298
921,299
921,300
921,301
921,302
921,303
921,304
921,305
921,306
921,307
921,308
921,309
921,310
921,311
921,312
921,331
922,142
922,143
922,144
922,145
922,146
922,147
922,148
922,149
922,150
922,151
922,154
922,155
922,156
922,157
922,158
922,159
922,161
922,162
922,165
922,166
922,168
922,170
922,171
922,172
922,173
922,174
922,175
922,176
922,178
922,179
922,180
922,181
922,182
922,184
922,185
922,293
922,294
922,295
922,296
922,297
922,298
922,299
922,300
922,301
922,302
922,303
922,304
922,305
922,306
922,307
922,308
922,309
922,310
922,311
922,312
922,331
923,142
923,143
923,144
923,145
923,146
923,147
923,148
923,149
923,150
923,151
923,154
923,155
923,156
923,157
923,158
923,159
923,161
923,162
923,165
923,166
923,168
923,170
923,171
923,172
923,173
923,174
923,175
923,176
923,178
923,179
923,180
923,181
923,182
923,184
923,185
923,293
923,294
923,295
923,296
923,297
923,298
923,299
923,300
923,301
923,302
923,303
923,304
923,305
923,306
923,307
923,308
923,309
923,310
923,311
923,312
923,331
924,142
924,143
924,144
924,145
924,146
924,147
924,148
924,149
924,150
924,151
924,154
924,155
924,156
924,157
924,158
924,159
924,161
924,162
924,165
924,166
924,168
924,170
924,171
924,172
924,173
924,174
924,175
924,176
924,178
924,179
924,180
924,181
924,182
924,184
924,185
924,293
924,294
924,295
924,296
924,297
924,298
924,299
924,300
924,301
924,302
924,303
924,304
924,305
924,306
924,307
924,308
924,309
924,310
924,311
924,312
924,331
925,142
925,143
925,144
925,145
925,146
925,147
925,148
925,149
925,150
925,151
925,154
925,155
925,156
925,157
925,158
925,159
925,161
925,162
925,165
925,166
925,168
925,170
925,171
925,172
925,173
925,174
925,175
925,176
925,178
925,179
925,180
925,181
925,182
925,184
925,185
925,293
925,294
925,295
925,296
925,297
925,298
925,299
925,300
925,301
925,302
925,303
925,304
925,305
925,306
925,307
925,308
925,309
925,310
925,311
925,312
925,331
926,142
926,143
926,144
926,145
926,146
926,147
926,148
926,149
926,150
926,151
926,154
926,155
926,156
926,157
926,158
926,159
926,161
926,162
926,165
926,166
926,168
926,170
926,171
926,172
926,173
926,174
926,175
926,176
926,178
926,179
926,180
926,181
926,182
926,184
926,185
926,293
926,294
926,295
926,296
926,297
926,298
926,299
926,300
926,301
926,302
926,303
926,304
926,305
926,306
926,307
926,308
926,309
926,310
926,311
926,312
926,331
927,142
927,143
927,144
927,145
927,146
927,147
927,148
927,149
927,150
927,151
927,154
927,155
927,156
927,157
927,158
927,159
927,161
927,162
927,165
927,166
927,168
927,170
927,171
927,172
927,173
927,174
927,175
927,176
927,178
927,179
927,180
927,181
927,182
927,184
927,185
927,293
927,294
927,295
927,296
927,297
927,298
927,299
927,300
927,301
927,302
927,303
927,304
927,305
927,306
927,307
927,308
927,309
927,310
927,311
927,312
927,331
928,142
928,143
928,144
928,145
928,146
928,147
928,148
928,149
928,150
928,151
928,154
928,155
928,156
928,157
928,158
928,159
928,161
928,162
928,165
928,166
928,168
928,170
928,171
928,172
928,173
928,174
928,175
928,176
928,178
928,179
928,180
928,181
928,182
928,184
928,185
928,293
928,294
928,295
928,296
928,297
928,298
928,299
928,300
928,301
928,302
928,303
928,304
928,305
928,306
928,307
928,308
928,309
928,310
928,311
928,312
928,331
929,142
929,143
929,144
929,145
929,146
929,147
929,148
929,149
929,150
929,151
929,154
929,155
929,156
929,157
929,158
929,159
929,161
929,162
929,165
929,166
929,168
929,170
929,171
929,172
929,173
929,174
929,175
929,176
929,178
929,179
929,180
929,181
929,182
929,184
929,185
929,293
929,294
929,295
929,296
929,297
929,298
929,299
929,300
929,301
929,302
929,303
929,304
929,305
929,306
929,307
929,308
929,309
929,310
929,311
929,312
929,331
930,142
930,143
930,144
930,145
930,146
930,147
930,148
930,149
930,150
930,151
930,154
930,155
930,156
930,157
930,158
930,159
930,161
930,162
930,165
930,166
930,168
930,170
930,171
930,172
930,173
930,174
930,175
930,176
930,178
930,179
930,180
930,181
930,182
930,184
930,185
930,293
930,294
930,295
930,296
930,297
930,298
930,299
930,300
930,301
930,302
930,303
930,304
930,305
930,306
930,307
930,308
930,309
930,310
930,311
930,312
930,331
931,142
931,143
931,144
931,145
931,146
931,147
931,148
931,149
931,150
931,151
931,154
931,155
931,156
931,157
931,158
931,159
931,161
931,162
931,165
931,166
931,168
931,170
931,171
931,172
931,173
931,174
931,175
931,176
931,178
931,179
931,180
931,181
931,182
931,184
931,185
931,293
931,294
931,295
931,296
931,297
931,298
931,299
931,300
931,301
931,302
931,303
931,304
931,305
931,306
931,307
931,308
931,309
931,310
931,311
931,312
931,331
932,142
932,143
932,144
932,145
932,146
932,147
932,148
932,149
932,150
932,151
932,154
932,155
932,156
932,157
932,158
932,159
932,161
932,162
932,165
932,166
932,168
932,170
932,171
932,172
932,173
932,174
932,175
932,176
932,178
932,179
932,180
932,181
932,182
932,184
932,185
932,293
932,294
932,295
932,296
932,297
932,298
932,299
932,300
932,301
932,302
932,303
932,304
932,305
932,306
932,307
932,308
932,309
932,310
932,311
932,312
932,331
933,142
933,143
933,144
933,145
933,146
933,147
933,148
933,149
933,150
933,151
933,154
933,155
933,156
933,157
933,158
933,159
933,161
933,162
933,165
933,166
933,168
933,170
933,171
933,172
933,173
933,174
933,175
933,176
933,178
933,179
933,180
933,181
933,182
933,184
933,185
933,293
933,294
933,295
933,296
933,297
933,298
933,299
933,300
933,301
933,302
933,303
933,304
933,305
933,306
933,307
933,308
933,309
933,310
933,311
933,312
933,331
934,142
934,143
934,144
934,145
934,146
934,147
934,148
934,149
934,150
934,151
934,154
934,155
934,156
934,157
934,158
934,159
934,161
934,162
934,165
934,166
934,168
934,170
934,171
934,172
934,173
934,174
934,175
934,176
934,178
934,179
934,180
934,181
934,182
934,184
934,185
934,293
934,294
934,295
934,296
934,297
934,298
934,299
934,300
934,301
934,302
934,303
934,304
934,305
934,306
934,307
934,308
934,309
934,310
934,311
934,312
934,331
935,142
935,143
935,144
935,145
935,146
935,147
935,148
935,149
935,150
935,151
935,154
935,155
935,156
935,157
935,158
935,159
935,161
935,162
935,165
935,166
935,168
935,170
935,171
935,172
935,173
935,174
935,175
935,176
935,178
935,179
935,180
935,181
935,182
935,184
935,185
935,293
935,294
935,295
935,296
935,297
935,298
935,299
935,300
935,301
935,302
935,303
935,304
935,305
935,306
935,307
935,308
935,309
935,310
935,311
935,312
935,331
936,142
936,143
936,144
936,145
936,146
936,147
936,148
936,149
936,150
936,151
936,154
936,155
936,156
936,157
936,158
936,159
936,161
936,162
936,165
936,166
936,168
936,170
936,171
936,172
936,173
936,174
936,175
936,176
936,178
936,179
936,180
936,181
936,182
936,184
936,185
936,293
936,294
936,295
936,296
936,297
936,298
936,299
936,300
936,301
936,302
936,303
936,304
936,305
936,306
936,307
936,308
936,309
936,310
936,311
936,312
936,331
937,142
937,143
937,144
937,145
937,146
937,147
937,148
937,149
937,150
937,151
937,154
937,155
937,156
937,157
937,158
937,159
937,161
937,162
937,165
937,166
937,168
937,170
937,171
937,172
937,173
937,174
937,175
937,176
937,178
937,179
937,180
937,181
937,182
937,184
937,185
937,293
937,294
937,295
937,296
937,297
937,298
937,299
937,300
937,301
937,302
937,303
937,304
937,305
937,306
937,307
937,308
937,309
937,310
937,311
937,312
937,331
938,142
938,143
938,144
938,145
938,146
938,147
938,148
938,149
938,150
938,151
938,154
938,155
938,156
938,157
938,158
938,159
938,161
938,162
938,165
938,166
938,168
938,170
938,171
938,172
938,173
938,174
938,175
938,176
938,178
938,179
938,180
938,181
938,182
938,184
938,185
938,293
938,294
938,295
938,296
938,297
938,298
938,299
938,300
938,301
938,302
938,303
938,304
938,305
938,306
938,307
938,308
938,309
938,310
938,311
938,312
938,331
939,142
939,143
939,144
939,145
939,146
939,147
939,148
939,149
939,150
939,151
939,154
939,155
939,156
939,157
939,158
939,159
939,161
939,162
939,165
939,166
939,168
939,170
939,171
939,172
939,173
939,174
939,175
939,176
939,178
939,179
939,180
939,181
939,182
939,184
939,185
939,293
939,294
939,295
939,296
939,297
939,298
939,299
939,300
939,301
939,302
939,303
939,304
939,305
939,306
939,307
939,308
939,309
939,310
939,311
939,312
939,331
940,142
940,143
940,144
940,145
940,146
940,147
940,148
940,149
940,150
940,151
940,154
940,155
940,156
940,157
940,158
940,159
940,161
940,162
940,165
940,166
940,168
940,170
940,171
940,172
940,173
940,174
940,175
940,176
940,178
940,179
940,180
940,181
940,182
940,184
940,185
940,293
940,294
940,295
940,296
940,297
940,298
940,299
940,300
940,301
940,302
940,303
940,304
940,305
940,306
940,307
940,308
940,309
940,310
940,311
940,312
940,331
941,142
941,143
941,144
941,145
941,146
941,147
941,148
941,149
941,150
941,151
941,154
941,155
941,156
941,157
941,158
941,159
941,161
941,162
941,165
941,166
941,168
941,170
941,171
941,172
941,173
941,174
941,175
941,176
941,178
941,179
941,180
941,181
941,182
941,184
941,185
941,293
941,294
941,295
941,296
941,297
941,298
941,299
941,300
941,301
941,302
941,303
941,304
941,305
941,306
941,307
941,308
941,309
941,310
941,311
941,312
941,331
942,142
942,143
942,144
942,145
942,146
942,147
942,148
942,149
942,150
942,151
942,154
942,155
942,156
942,157
942,158
942,159
942,161
942,162
942,165
942,166
942,168
942,170
942,171
942,172
942,173
942,174
942,175
942,176
942,178
942,179
942,180
942,181
942,182
942,184
942,185
942,293
942,294
942,295
942,296
942,297
942,298
942,299
942,300
942,301
942,302
942,303
942,304
942,305
942,306
942,307
942,308
942,309
942,310
942,311
942,312
942,331
943,142
943,143
943,144
943,145
943,146
943,147
943,148
943,149
943,150
943,151
943,154
943,155
943,156
943,157
943,158
943,159
943,161
943,162
943,165
943,166
943,168
943,170
943,171
943,172
943,173
943,174
943,175
943,176
943,178
943,179
943,180
943,181
943,182
943,184
943,185
943,293
943,294
943,295
943,296
943,297
943,298
943,299
943,300
943,301
943,302
943,303
943,304
943,305
943,306
943,307
943,308
943,309
943,310
943,311
943,312
943,331
944,142
944,143
944,144
944,145
944,146
944,147
944,148
944,149
944,150
944,151
944,154
944,155
944,156
944,157
944,158
944,159
944,161
944,162
944,165
944,166
944,168
944,170
944,171
944,172
944,173
944,174
944,175
944,176
944,178
944,179
944,180
944,181
944,182
944,184
944,185
944,293
944,294
944,295
944,296
944,297
944,298
944,299
944,300
944,301
944,302
944,303
944,304
944,305
944,306
944,307
944,308
944,309
944,310
944,311
944,312
944,331
945,142
945,143
945,144
945,145
945,146
945,147
945,148
945,149
945,150
945,151
945,154
945,155
945,156
945,157
945,158
945,159
945,161
945,162
945,165
945,166
945,168
945,170
945,171
945,172
945,173
945,174
945,175
945,176
945,178
945,179
945,180
945,181
945,182
945,184
945,185
945,293
945,294
945,295
945,296
945,297
945,298
945,299
945,300
945,301
945,302
945,303
945,304
945,305
945,306
945,307
945,308
945,309
945,310
945,311
945,312
945,331
946,142
946,143
946,144
946,145
946,146
946,147
946,148
946,149
946,150
946,151
946,154
946,155
946,156
946,157
946,158
946,159
946,161
946,162
946,165
946,166
946,168
946,170
946,171
946,172
946,173
946,174
946,175
946,176
946,178
946,179
946,180
946,181
946,182
946,184
946,185
946,293
946,294
946,295
946,296
946,297
946,298
946,299
946,300
946,301
946,302
946,303
946,304
946,305
946,306
946,307
946,308
946,309
946,310
946,311
946,312
946,331
947,142
947,143
947,144
947,145
947,146
947,147
947,148
947,149
947,150
947,151
947,154
947,155
947,156
947,157
947,158
947,159
947,161
947,162
947,165
947,166
947,168
947,170
947,171
947,172
947,173
947,174
947,175
947,176
947,178
947,179
947,180
947,181
947,182
947,184
947,185
947,293
947,294
947,295
947,296
947,297
947,298
947,299
947,300
947,301
947,302
947,303
947,304
947,305
947,306
947,307
947,308
947,309
947,310
947,311
947,312
947,331
948,142
948,143
948,144
948,145
948,146
948,147
948,148
948,149
948,150
948,151
948,154
948,155
948,156
948,157
948,158
948,159
948,161
948,162
948,165
948,166
948,168
948,170
948,171
948,172
948,173
948,174
948,175
948,176
948,178
948,179
948,180
948,181
948,182
948,184
948,185
948,293
948,294
948,295
948,296
948,297
948,298
948,299
948,300
948,301
948,302
948,303
948,304
948,305
948,306
948,307
948,308
948,309
948,310
948,311
948,312
948,331
949,142
949,143
949,144
949,145
949,146
949,147
949,148
949,149
949,150
949,151
949,154
949,155
949,156
949,157
949,158
949,159
949,161
949,162
949,165
949,166
949,168
949,170
949,171
949,172
949,173
949,174
949,175
949,176
949,178
949,179
949,180
949,181
949,182
949,184
949,185
949,293
949,294
949,295
949,296
949,297
949,298
949,299
949,300
949,301
949,302
949,303
949,304
949,305
949,306
949,307
949,308
949,309
949,310
949,311
949,312
949,331
950,142
950,143
950,144
950,145
950,146
950,147
950,148
950,149
950,150
950,151
950,154
950,155
950,156
950,157
950,158
950,159
950,161
950,162
950,165
950,166
950,168
950,170
950,171
950,172
950,173
950,174
950,175
950,176
950,178
950,179
950,180
950,181
950,182
950,184
950,185
950,293
950,294
950,295
950,296
950,297
950,298
950,299
950,300
950,301
950,302
950,303
950,304
950,305
950,306
950,307
950,308
950,309
950,310
950,311
950,312
950,331
951,142
951,143
951,144
951,145
951,146
951,147
951,148
951,149
951,150
951,151
951,154
951,155
951,156
951,157
951,158
951,159
951,161
951,162
951,165
951,166
951,168
951,170
951,171
951,172
951,173
951,174
951,175
951,176
951,178
951,179
951,180
951,181
951,182
951,184
951,185
951,293
951,294
951,295
951,296
951,297
951,298
951,299
951,300
951,301
951,302
951,303
951,304
951,305
951,306
951,307
951,308
951,309
951,310
951,311
951,312
951,331
952,142
952,143
952,144
952,145
952,146
952,147
952,148
952,149
952,150
952,151
952,154
952,155
952,156
952,157
952,158
952,159
952,161
952,162
952,165
952,166
952,168
952,170
952,171
952,172
952,173
952,174
952,175
952,176
952,178
952,179
952,180
952,181
952,182
952,184
952,185
952,293
952,294
952,295
952,296
952,297
952,298
952,299
952,300
952,301
952,302
952,303
952,304
952,305
952,306
952,307
952,308
952,309
952,310
952,311
952,312
952,331
953,142
953,143
953,144
953,145
953,146
953,147
953,148
953,149
953,150
953,151
953,154
953,155
953,156
953,157
953,158
953,159
953,161
953,162
953,165
953,166
953,168
953,170
953,171
953,172
953,173
953,174
953,175
953,176
953,178
953,179
953,180
953,181
953,182
953,184
953,185
953,293
953,294
953,295
953,296
953,297
953,298
953,299
953,300
953,301
953,302
953,303
953,304
953,305
953,306
953,307
953,308
953,309
953,310
953,311
953,312
953,331
954,142
954,143
954,144
954,145
954,146
954,147
954,148
954,149
954,150
954,151
954,154
954,155
954,156
954,157
954,158
954,159
954,161
954,162
954,165
954,166
954,168
954,170
954,171
954,172
954,173
954,174
954,175
954,176
954,178
954,179
954,180
954,181
954,182
954,184
954,185
954,293
954,294
954,295
954,296
954,297
954,298
954,299
954,300
954,301
954,302
954,303
954,304
954,305
954,306
954,307
954,308
954,309
954,310
954,311
954,312
954,331
955,142
955,143
955,144
955,145
955,146
955,147
955,148
955,149
955,150
955,151
955,154
955,155
955,156
955,157
955,158
955,159
955,161
955,162
955,165
955,166
955,168
955,170
955,171
955,172
955,173
955,174
955,175
955,176
955,178
955,179
955,180
955,181
955,182
955,184
955,185
955,293
955,294
955,295
955,296
955,297
955,298
955,299
955,300
955,301
955,302
955,303
955,304
955,305
955,306
955,307
955,308
955,309
955,310
955,311
955,312
955,331
956,142
956,143
956,144
956,145
956,146
956,147
956,148
956,149
956,150
956,151
956,154
956,155
956,156
956,157
956,158
956,159
956,161
956,162
956,165
956,166
956,168
956,170
956,171
956,172
956,173
956,174
956,175
956,176
956,178
956,179
956,180
956,181
956,182
956,184
956,185
956,293
956,294
956,295
956,296
956,297
956,298
956,299
956,300
956,301
956,302
956,303
956,304
956,305
956,306
956,307
956,308
956,309
956,310
956,311
956,312
956,331
957,123
957,124
957,125
957,126
957,127
957,128
957,129
957,130
957,131
957,132
957,133
957,134
957,135
957,136
957,137
957,138
957,139
957,140
957,141
957,286
957,287
957,288
957,289
957,290
957,291
957,292
958,123
958,124
958,125
958,126
958,127
958,128
958,129
958,130
958,131
958,132
958,133
958,134
958,135
958,136
958,137
958,138
958,139
958,140
958,141
958,286
958,287
958,288
958,289
958,290
958,291
958,292
959,123
959,124
959,125
959,126
959,127
959,128
959,129
959,130
959,131
959,132
959,133
959,134
959,135
959,136
959,137
959,138
959,139
959,140
959,141
959,286
959,287
959,288
959,289
959,290
959,291
959,292
960,123
960,124
960,125
960,126
960,127
960,128
960,129
960,130
960,131
960,132
960,133
960,134
960,135
960,136
960,137
960,138
960,139
960,140
960,141
960,286
960,287
960,288
960,289
960,290
960,291
960,292
961,123
961,124
961,125
961,126
961,127
961,128
961,129
961,130
961,131
961,132
961,133
961,134
961,135
961,136
961,137
961,138
961,139
961,140
961,141
961,286
961,287
961,288
961,289
961,290
961,291
961,292
962,123
962,124
962,125
962,126
962,127
962,128
962,129
962,130
962,131
962,132
962,133
962,134
962,135
962,136
962,137
962,138
962,139
962,140
962,141
962,286
962,287
962,288
962,289
962,290
962,291
962,292
963,123
963,124
963,125
963,126
963,127
963,128
963,129
963,130
963,131
963,132
963,133
963,134
963,135
963,136
963,137
963,138
963,139
963,140
963,141
963,286
963,287
963,288
963,289
963,290
963,291
963,292
964,123
964,124
964,125
964,126
964,127
964,128
964,129
964,130
964,131
964,132
964,133
964,134
964,135
964,136
964,137
964,138
964,139
964,140
964,141
964,286
964,287
964,288
964,289
964,290
964,291
964,292
965,123
965,124
965,125
965,126
965,127
965,128
965,129
965,130
965,131
965,132
965,133
965,134
965,135
965,136
965,137
965,138
965,139
965,140
965,141
965,286
965,287
965,288
965,289
965,290
965,291
965,292
966,123
966,124
966,125
966,126
966,127
966,128
966,129
966,130
966,131
966,132
966,133
966,134
966,135
966,136
966,137
966,138
966,139
966,140
966,141
966,286
966,287
966,288
966,289
966,290
966,291
966,292
967,123
967,124
967,125
967,126
967,127
967,128
967,129
967,130
967,131
967,132
967,133
967,134
967,135
967,136
967,137
967,138
967,139
967,140
967,141
967,286
967,287
967,288
967,289
967,290
967,291
967,292
968,123
968,124
968,125
968,126
968,127
968,128
968,129
968,130
968,131
968,132
968,133
968,134
968,135
968,136
968,137
968,138
968,139
968,140
968,141
968,286
968,287
968,288
968,289
968,290
968,291
968,292
969,123
969,124
969,125
969,126
969,127
969,128
969,129
969,130
969,131
969,132
969,133
969,134
969,135
969,136
969,137
969,138
969,139
969,140
969,141
969,286
969,287
969,288
969,289
969,290
969,291
969,292
970,123
970,124
970,125
970,126
970,127
970,128
970,129
970,130
970,131
970,132
970,133
970,134
970,135
970,136
970,137
970,138
970,139
970,140
970,141
970,286
970,287
970,288
970,289
970,290
970,291
970,292
971,123
971,124
971,125
971,126
971,127
971,128
971,129
971,130
971,131
971,132
971,133
971,134
971,135
971,136
971,137
971,138
971,139
971,140
971,141
971,286
971,287
971,288
971,289
971,290
971,291
971,292
972,123
972,124
972,125
972,126
972,127
972,128
972,129
972,130
972,131
972,132
972,133
972,134
972,135
972,136
972,137
972,138
972,139
972,140
972,141
972,286
972,287
972,288
972,289
972,290
972,291
972,292
973,123
973,124
973,125
973,126
973,127
973,128
973,129
973,130
973,131
973,132
973,133
973,134
973,135
973,136
973,137
973,138
973,139
973,140
973,141
973,286
973,287
973,288
973,289
973,290
973,291
973,292
974,123
974,124
974,125
974,126
974,127
974,128
974,129
974,130
974,131
974,132
974,133
974,134
974,135
974,136
974,137
974,138
974,139
974,140
974,141
974,286
974,287
974,288
974,289
974,290
974,291
974,292
975,123
975,124
975,125
975,126
975,127
975,128
975,129
975,130
975,131
975,132
975,133
975,134
975,135
975,136
975,137
975,138
975,139
975,140
975,141
975,286
975,287
975,288
975,289
975,290
975,291
975,292
976,123
976,124
976,125
976,126
976,127
976,128
976,129
976,130
976,131
976,132
976,133
976,134
976,135
976,136
976,137
976,138
976,139
976,140
976,141
976,286
976,287
976,288
976,289
976,290
976,291
976,292
977,123
977,124
977,125
977,126
977,127
977,128
977,129
977,130
977,131
977,132
977,133
977,134
977,135
977,136
977,137
977,138
977,139
977,140
977,141
977,286
977,287
977,288
977,289
977,290
977,291
977,292
978,123
978,124
978,125
978,126
978,127
978,128
978,129
978,130
978,131
978,132
978,133
978,134
978,135
978,136
978,137
978,138
978,139
978,140
978,141
978,286
978,287
978,288
978,289
978,290
978,291
978,292
979,123
979,124
979,125
979,126
979,127
979,128
979,129
979,130
979,131
979,132
979,133
979,134
979,135
979,136
979,137
979,138
979,139
979,140
979,141
979,286
979,287
979,288
979,289
979,290
979,291
979,292
980,123
980,124
980,125
980,126
980,127
980,128
980,129
980,130
980,131
980,132
980,133
980,134
980,135
980,136
980,137
980,138
980,139
980,140
980,141
980,286
980,287
980,288
980,289
980,290
980,291
980,292
981,123
981,124
981,125
981,126
981,127
981,128
981,129
981,130
981,131
981,132
981,133
981,134
981,135
981,136
981,137
981,138
981,139
981,140
981,141
981,286
981,287
981,288
981,289
981,290
981,291
981,292
982,123
982,124
982,125
982,126
982,127
982,128
982,129
982,130
982,131
982,132
982,133
982,134
982,135
982,136
982,137
982,138
982,139
982,140
982,141
982,286
982,287
982,288
982,289
982,290
982,291
982,292
983,123
983,124
983,125
983,126
983,127
983,128
983,129
983,130
983,131
983,132
983,133
983,134
983,135
983,136
983,137
983,138
983,139
983,140
983,141
983,286
983,287
983,288
983,289
983,290
983,291
983,292
984,123
984,124
984,125
984,126
984,127
984,128
984,129
984,130
984,131
984,132
984,133
984,134
984,135
984,136
984,137
984,138
984,139
984,140
984,141
984,286
984,287
984,288
984,289
984,290
984,291
984,292
985,123
985,124
985,125
985,126
985,127
985,128
985,129
985,130
985,131
985,132
985,133
985,134
985,135
985,136
985,137
985,138
985,139
985,140
985,141
985,286
985,287
985,288
985,289
985,290
985,291
985,292
986,123
986,124
986,125
986,126
986,127
986,128
986,129
986,130
986,131
986,132
986,133
986,134
986,135
986,136
986,137
986,138
986,139
986,140
986,141
986,286
986,287
986,288
986,289
986,290
986,291
986,292
987,187
987,188
987,189
987,190
987,191
987,192
987,193
987,194
987,195
987,196
987,197
987,198
987,199
987,200
987,201
987,202
987,203
987,204
987,205
987,206
987,207
987,208
987,209
987,210
987,211
987,212
987,213
987,214
987,215
987,216
987,217
987,218
987,313
987,314
987,315
987,316
987,317
987,318
987,319
987,320
987,321
987,322
987,323
987,324
987,325
987,326
987,327
987,328
987,329
987,330
988,187
988,188
988,189
988,190
988,191
988,192
988,193
988,194
988,195
988,196
988,197
988,198
988,199
988,200
988,201
988,202
988,203
988,204
988,205
988,206
988,207
988,208
988,209
988,210
988,211
988,212
988,213
988,214
988,215
988,216
988,217
988,218
988,313
988,314
988,315
988,316
988,317
988,318
988,319
988,320
988,321
988,322
988,323
988,324
988,325
988,326
988,327
988,328
988,329
988,330
989,187
989,188
989,189
989,190
989,191
989,192
989,193
989,194
989,195
989,196
989,197
989,198
989,199
989,200
989,201
989,202
989,203
989,204
989,205
989,206
989,207
989,208
989,209
989,210
989,211
989,212
989,213
989,214
989,215
989,216
989,217
989,218
989,313
989,314
989,315
989,316
989,317
989,318
989,319
989,320
989,321
989,322
989,323
989,324
989,325
989,326
989,327
989,328
989,329
989,330
990,187
990,188
990,189
990,190
990,191
990,192
990,193
990,194
990,195
990,196
990,197
990,198
990,199
990,200
990,201
990,202
990,203
990,204
990,205
990,206
990,207
990,208
990,209
990,210
990,211
990,212
990,213
990,214
990,215
990,216
990,217
990,218
990,313
990,314
990,315
990,316
990,317
990,318
990,319
990,320
990,321
990,322
990,323
990,324
990,325
990,326
990,327
990,328
990,329
990,330
991,187
991,188
991,189
991,190
991,191
991,192
991,193
991,194
991,195
991,196
991,197
991,198
991,199
991,200
991,201
991,202
991,203
991,204
991,205
991,206
991,207
991,208
991,209
991,210
991,211
991,212
991,213
991,214
991,215
991,216
991,217
991,218
991,313
991,314
991,315
991,316
991,317
991,318
991,319
991,320
991,321
991,322
991,323
991,324
991,325
991,326
991,327
991,328
991,329
991,330
992,187
992,188
992,189
992,190
992,191
992,192
992,193
992,194
992,195
992,196
992,197
992,198
992,199
992,200
992,201
992,202
992,203
992,204
992,205
992,206
992,207
992,208
992,209
992,210
992,211
992,212
992,213
992,214
992,215
992,216
992,217
992,218
992,313
992,314
992,315
992,316
992,317
992,318
992,319
992,320
992,321
992,322
992,323
992,324
992,325
992,326
992,327
992,328
992,329
992,330
993,187
993,188
993,189
993,190
993,191
993,192
993,193
993,194
993,195
993,196
993,197
993,198
993,199
993,200
993,201
993,202
993,203
993,204
993,205
993,206
993,207
993,208
993,209
993,210
993,211
993,212
993,213
993,214
993,215
993,216
993,217
993,218
993,313
993,314
993,315
993,316
993,317
993,318
993,319
993,320
993,321
993,322
993,323
993,324
993,325
993,326
993,327
993,328
993,329
993,330
994,187
994,188
994,189
994,190
994,191
994,192
994,193
994,194
994,195
994,196
994,197
994,198
994,199
994,200
994,201
994,202
994,203
994,204
994,205
994,206
994,207
994,208
994,209
994,210
994,211
994,212
994,213
994,214
994,215
994,216
994,217
994,218
994,313
994,314
994,315
994,316
994,317
994,318
994,319
994,320
994,321
994,322
994,323
994,324
994,325
994,326
994,327
994,328
994,329
994,330
995,187
995,188
995,189
995,190
995,191
995,192
995,193
995,194
995,195
995,196
995,197
995,198
995,199
995,200
995,201
995,202
995,203
995,204
995,205
995,206
995,207
995,208
995,209
995,210
995,211
995,212
995,213
995,214
995,215
995,216
995,217
995,218
995,313
995,314
995,315
995,316
995,317
995,318
995,319
995,320
995,321
995,322
995,323
995,324
995,325
995,326
995,327
995,328
995,329
995,330
996,187
996,188
996,189
996,190
996,191
996,192
996,193
996,194
996,195
996,196
996,197
996,198
996,199
996,200
996,201
996,202
996,203
996,204
996,205
996,206
996,207
996,208
996,209
996,210
996,211
996,212
996,213
996,214
996,215
996,216
996,217
996,218
996,313
996,314
996,315
996,316
996,317
996,318
996,319
996,320
996,321
996,322
996,323
996,324
996,325
996,326
996,327
996,328
996,329
996,330
997,187
997,188
997,189
997,190
997,191
997,192
997,193
997,194
997,195
997,196
997,197
997,198
997,199
997,200
997,201
997,202
997,203
997,204
997,205
997,206
997,207
997,208
997,209
997,210
997,211
997,212
997,213
997,214
997,215
997,216
997,217
997,218
997,313
997,314
997,315
997,316
997,317
997,318
997,319
997,320
997,321
997,322
997,323
997,324
997,325
997,326
997,327
997,328
997,329
997,330
998,187
998,188
998,189
998,190
998,191
998,192
998,193
998,194
998,195
998,196
998,197
998,198
998,199
998,200
998,201
998,202
998,203
998,204
998,205
998,206
998,207
998,208
998,209
998,210
998,211
998,212
998,213
998,214
998,215
998,216
998,217
998,218
998,313
998,314
998,315
998,316
998,317
998,318
998,319
998,320
998,321
998,322
998,323
998,324
998,325
998,326
998,327
998,328
998,329
998,330
999,187
999,188
999,189
999,190
999,191
999,192
999,193
999,194
999,195
999,196
999,197
999,198
999,199
999,200
999,201
999,202
999,203
999,204
999,205
999,206
999,207
999,208
999,209
999,210
999,211
999,212
999,213
999,214
999,215
999,216
999,217
999,218
999,313
999,314
999,315
999,316
999,317
999,318
999,319
999,320
999,321
999,322
999,323
999,324
999,325
999,326
999,327
999,328
999,329
999,330
1000,187
1000,188
1000,189
1000,190
1000,191
1000,192
1000,193
1000,194
1000,195
1000,196
1000,197
1000,198
1000,199
1000,200
1000,201
1000,202
1000,203
1000,204
1000,205
1000,206
1000,207
1000,208
1000,209
1000,210
1000,211
1000,212
1000,213
1000,214
1000,215
1000,216
1000,217
1000,218
1000,313
1000,314
1000,315
1000,316
1000,317
1000,318
1000,319
1000,320
1000,321
1000,322
1000,323
1000,324
1000,325
1000,326
1000,327
1000,328
1000,329
1000,330
1001,187
1001,188
1001,189
1001,190
1001,191
1001,192
1001,193
1001,194
1001,195
1001,196
1001,197
1001,198
1001,199
1001,200
1001,201
1001,202
1001,203
1001,204
1001,205
1001,206
1001,207
1001,208
1001,209
1001,210
1001,211
1001,212
1001,213
1001,214
1001,215
1001,216
1001,217
1001,218
1001,313
1001,314
1001,315
1001,316
1001,317
1001,318
1001,319
1001,320
1001,321
1001,322
1001,323
1001,324
1001,325
1001,326
1001,327
1001,328
1001,329
1001,330
1002,187
1002,188
1002,189
1002,190
1002,191
1002,192
1002,193
1002,194
1002,195
1002,196
1002,197
1002,198
1002,199
1002,200
1002,201
1002,202
1002,203
1002,204
1002,205
1002,206
1002,207
1002,208
1002,209
1002,210
1002,211
1002,212
1002,213
1002,214
1002,215
1002,216
1002,217
1002,218
1002,313
1002,314
1002,315
1002,316
1002,317
1002,318
1002,319
1002,320
1002,321
1002,322
1002,323
1002,324
1002,325
1002,326
1002,327
1002,328
1002,329
1002,330
1003,187
1003,188
1003,189
1003,190
1003,191
1003,192
1003,193
1003,194
1003,195
1003,196
1003,197
1003,198
1003,199
1003,200
1003,201
1003,202
1003,203
1003,204
1003,205
1003,206
1003,207
1003,208
1003,209
1003,210
1003,211
1003,212
1003,213
1003,214
1003,215
1003,216
1003,217
1003,218
1003,313
1003,314
1003,315
1003,316
1003,317
1003,318
1003,319
1003,320
1003,321
1003,322
1003,323
1003,324
1003,325
1003,326
1003,327
1003,328
1003,329
1003,330
1004,187
1004,188
1004,189
1004,190
1004,191
1004,192
1004,193
1004,194
1004,195
1004,196
1004,197
1004,198
1004,199
1004,200
1004,201
1004,202
1004,203
1004,204
1004,205
1004,206
1004,207
1004,208
1004,209
1004,210
1004,211
1004,212
1004,213
1004,214
1004,215
1004,216
1004,217
1004,218
1004,313
1004,314
1004,315
1004,316
1004,317
1004,318
1004,319
1004,320
1004,321
1004,322
1004,323
1004,324
1004,325
1004,326
1004,327
1004,328
1004,329
1004,330
1005,187
1005,188
1005,189
1005,190
1005,191
1005,192
1005,193
1005,194
1005,195
1005,196
1005,197
1005,198
1005,199
1005,200
1005,201
1005,202
1005,203
1005,204
1005,205
1005,206
1005,207
1005,208
1005,209
1005,210
1005,211
1005,212
1005,213
1005,214
1005,215
1005,216
1005,217
1005,218
1005,313
1005,314
1005,315
1005,316
1005,317
1005,318
1005,319
1005,320
1005,321
1005,322
1005,323
1005,324
1005,325
1005,326
1005,327
1005,328
1005,329
1005,330
1006,187
1006,188
1006,189
1006,190
1006,191
1006,192
1006,193
1006,194
1006,195
1006,196
1006,197
1006,198
1006,199
1006,200
1006,201
1006,202
1006,203
1006,204
1006,205
1006,206
1006,207
1006,208
1006,209
1006,210
1006,211
1006,212
1006,213
1006,214
1006,215
1006,216
1006,217
1006,218
1006,313
1006,314
1006,315
1006,316
1006,317
1006,318
1006,319
1006,320
1006,321
1006,322
1006,323
1006,324
1006,325
1006,326
1006,327
1006,328
1006,329
1006,330
1007,187
1007,188
1007,189
1007,190
1007,191
1007,192
1007,193
1007,194
1007,195
1007,196
1007,197
1007,198
1007,199
1007,200
1007,201
1007,202
1007,203
1007,204
1007,205
1007,206
1007,207
1007,208
1007,209
1007,210
1007,211
1007,212
1007,213
1007,214
1007,215
1007,216
1007,217
1007,218
1007,313
1007,314
1007,315
1007,316
1007,317
1007,318
1007,319
1007,320
1007,321
1007,322
1007,323
1007,324
1007,325
1007,326
1007,327
1007,328
1007,329
1007,330
1008,187
1008,188
1008,189
1008,190
1008,191
1008,192
1008,193
1008,194
1008,195
1008,196
1008,197
1008,198
1008,199
1008,200
1008,201
1008,202
1008,203
1008,204
1008,205
1008,206
1008,207
1008,208
1008,209
1008,210
1008,211
1008,212
1008,213
1008,214
1008,215
1008,216
1008,217
1008,218
1008,313
1008,314
1008,315
1008,316
1008,317
1008,318
1008,319
1008,320
1008,321
1008,322
1008,323
1008,324
1008,325
1008,326
1008,327
1008,328
1008,329
1008,330
1009,187
1009,188
1009,189
1009,190
1009,191
1009,192
1009,193
1009,194
1009,195
1009,196
1009,197
1009,198
1009,199
1009,200
1009,201
1009,202
1009,203
1009,204
1009,205
1009,206
1009,207
1009,208
1009,209
1009,210
1009,211
1009,212
1009,213
1009,214
1009,215
1009,216
1009,217
1009,218
1009,313
1009,314
1009,315
1009,316
1009,317
1009,318
1009,319
1009,320
1009,321
1009,322
1009,323
1009,324
1009,325
1009,326
1009,327
1009,328
1009,329
1009,330
1010,187
1010,188
1010,189
1010,190
1010,191
1010,192
1010,193
1010,194
1010,195
1010,196
1010,197
1010,198
1010,199
1010,200
1010,201
1010,202
1010,203
1010,204
1010,205
1010,206
1010,207
1010,208
1010,209
1010,210
1010,211
1010,212
1010,213
1010,214
1010,215
1010,216
1010,217
1010,218
1010,313
1010,314
1010,315
1010,316
1010,317
1010,318
1010,319
1010,320
1010,321
1010,322
1010,323
1010,324
1010,325
1010,326
1010,327
1010,328
1010,329
1010,330
1011,187
1011,188
1011,189
1011,190
1011,191
1011,192
1011,193
1011,194
1011,195
1011,196
1011,197
1011,198
1011,199
1011,200
1011,201
1011,202
1011,203
1011,204
1011,205
1011,206
1011,207
1011,208
1011,209
1011,210
1011,211
1011,212
1011,213
1011,214
1011,215
1011,216
1011,217
1011,218
1011,313
1011,314
1011,315
1011,316
1011,317
1011,318
1011,319
1011,320
1011,321
1011,322
1011,323
1011,324
1011,325
1011,326
1011,327
1011,328
1011,329
1011,330
1012,187
1012,188
1012,189
1012,190
1012,191
1012,192
1012,193
1012,194
1012,195
1012,196
1012,197
1012,198
1012,199
1012,200
1012,201
1012,202
1012,203
1012,204
1012,205
1012,206
1012,207
1012,208
1012,209
1012,210
1012,211
1012,212
1012,213
1012,214
1012,215
1012,216
1012,217
1012,218
1012,313
1012,314
1012,315
1012,316
1012,317
1012,318
1012,319
1012,320
1012,321
1012,322
1012,323
1012,324
1012,325
1012,326
1012,327
1012,328
1012,329
1012,330
1013,187
1013,188
1013,189
1013,190
1013,191
1013,192
1013,193
1013,194
1013,195
1013,196
1013,197
1013,198
1013,199
1013,200
1013,201
1013,202
1013,203
1013,204
1013,205
1013,206
1013,207
1013,208
1013,209
1013,210
1013,211
1013,212
1013,213
1013,214
1013,215
1013,216
1013,217
1013,218
1013,313
1013,314
1013,315
1013,316
1013,317
1013,318
1013,319
1013,320
1013,321
1013,322
1013,323
1013,324
1013,325
1013,326
1013,327
1013,328
1013,329
1013,330
1014,187
1014,188
1014,189
1014,190
1014,191
1014,192
1014,193
1014,194
1014,195
1014,196
1014,197
1014,198
1014,199
1014,200
1014,201
1014,202
1014,203
1014,204
1014,205
1014,206
1014,207
1014,208
1014,209
1014,210
1014,211
1014,212
1014,213
1014,214
1014,215
1014,216
1014,217
1014,218
1014,313
1014,314
1014,315
1014,316
1014,317
1014,318
1014,319
1014,320
1014,321
1014,322
1014,323
1014,324
1014,325
1014,326
1014,327
1014,328
1014,329
1014,330
1015,187
1015,188
1015,189
1015,190
1015,191
1015,192
1015,193
1015,194
1015,195
1015,196
1015,197
1015,198
1015,199
1015,200
1015,201
1015,202
1015,203
1015,204
1015,205
1015,206
1015,207
1015,208
1015,209
1015,210
1015,211
1015,212
1015,213
1015,214
1015,215
1015,216
1015,217
1015,218
1015,313
1015,314
1015,315
1015,316
1015,317
1015,318
1015,319
1015,320
1015,321
1015,322
1015,323
1015,324
1015,325
1015,326
1015,327
1015,328
1015,329
1015,330
1016,187
1016,188
1016,189
1016,190
1016,191
1016,192
1016,193
1016,194
1016,195
1016,196
1016,197
1016,198
1016,199
1016,200
1016,201
1016,202
1016,203
1016,204
1016,205
1016,206
1016,207
1016,208
1016,209
1016,210
1016,211
1016,212
1016,213
1016,214
1016,215
1016,216
1016,217
1016,218
1016,313
1016,314
1016,315
1016,316
1016,317
1016,318
1016,319
1016,320
1016,321
1016,322
1016,323
1016,324
1016,325
1016,326
1016,327
1016,328
1016,329
1016,330
1017,187
1017,188
1017,189
1017,190
1017,191
1017,192
1017,193
1017,194
1017,195
1017,196
1017,197
1017,198
1017,199
1017,200
1017,201
1017,202
1017,203
1017,204
1017,205
1017,206
1017,207
1017,208
1017,209
1017,210
1017,211
1017,212
1017,213
1017,214
1017,215
1017,216
1017,217
1017,218
1017,313
1017,314
1017,315
1017,316
1017,317
1017,318
1017,319
1017,320
1017,321
1017,322
1017,323
1017,324
1017,325
1017,326
1017,327
1017,328
1017,329
1017,330
1018,187
1018,188
1018,189
1018,190
1018,191
1018,192
1018,193
1018,194
1018,195
1018,196
1018,197
1018,198
1018,199
1018,200
1018,201
1018,202
1018,203
1018,204
1018,205
1018,206
1018,207
1018,208
1018,209
1018,210
1018,211
1018,212
1018,213
1018,214
1018,215
1018,216
1018,217
1018,218
1018,313
1018,314
1018,315
1018,316
1018,317
1018,318
1018,319
1018,320
1018,321
1018,322
1018,323
1018,324
1018,325
1018,326
1018,327
1018,328
1018,329
1018,330
1019,187
1019,188
1019,189
1019,190
1019,191
1019,192
1019,193
1019,194
1019,195
1019,196
1019,197
1019,198
1019,199
1019,200
1019,201
1019,202
1019,203
1019,204
1019,205
1019,206
1019,207
1019,208
1019,209
1019,210
1019,211
1019,212
1019,213
1019,214
1019,215
1019,216
1019,217
1019,218
1019,313
1019,314
1019,315
1019,316
1019,317
1019,318
1019,319
1019,320
1019,321
1019,322
1019,323
1019,324
1019,325
1019,326
1019,327
1019,328
1019,329
1019,330
1020,187
1020,188
1020,189
1020,190
1020,191
1020,192
1020,193
1020,194
1020,195
1020,196
1020,197
1020,198
1020,199
1020,200
1020,201
1020,202
1020,203
1020,204
1020,205
1020,206
1020,207
1020,208
1020,209
1020,210
1020,211
1020,212
1020,213
1020,214
1020,215
1020,216
1020,217
1020,218
1020,313
1020,314
1020,315
1020,316
1020,317
1020,318
1020,319
1020,320
1020,321
1020,322
1020,323
1020,324
1020,325
1020,326
1020,327
1020,328
1020,329
1020,330
1021,187
1021,188
1021,189
1021,190
1021,191
1021,192
1021,193
1021,194
1021,195
1021,196
1021,197
1021,198
1021,199
1021,200
1021,201
1021,202
1021,203
1021,204
1021,205
1021,206
1021,207
1021,208
1021,209
1021,210
1021,211
1021,212
1021,213
1021,214
1021,215
1021,216
1021,217
1021,218
1021,313
1021,314
1021,315
1021,316
1021,317
1021,318
1021,319
1021,320
1021,321
1021,322
1021,323
1021,324
1021,325
1021,326
1021,327
1021,328
1021,329
1021,330
1022,187
1022,188
1022,189
1022,190
1022,191
1022,192
1022,193
1022,194
1022,195
1022,196
1022,197
1022,198
1022,199
1022,200
1022,201
1022,202
1022,203
1022,204
1022,205
1022,206
1022,207
1022,208
1022,209
1022,210
1022,211
1022,212
1022,213
1022,214
1022,215
1022,216
1022,217
1022,218
1022,313
1022,314
1022,315
1022,316
1022,317
1022,318
1022,319
1022,320
1022,321
1022,322
1022,323
1022,324
1022,325
1022,326
1022,327
1022,328
1022,329
1022,330
1023,187
1023,188
1023,189
1023,190
1023,191
1023,192
1023,193
1023,194
1023,195
1023,196
1023,197
1023,198
1023,199
1023,200
1023,201
1023,202
1023,203
1023,204
1023,205
1023,206
1023,207
1023,208
1023,209
1023,210
1023,211
1023,212
1023,213
1023,214
1023,215
1023,216
1023,217
1023,218
1023,313
1023,314
1023,315
1023,316
1023,317
1023,318
1023,319
1023,320
1023,321
1023,322
1023,323
1023,324
1023,325
1023,326
1023,327
1023,328
1023,329
1023,330
1024,187
1024,188
1024,189
1024,190
1024,191
1024,192
1024,193
1024,194
1024,195
1024,196
1024,197
1024,198
1024,199
1024,200
1024,201
1024,202
1024,203
1024,204
1024,205
1024,206
1024,207
1024,208
1024,209
1024,210
1024,211
1024,212
1024,213
1024,214
1024,215
1024,216
1024,217
1024,218
1024,313
1024,314
1024,315
1024,316
1024,317
1024,318
1024,319
1024,320
1024,321
1024,322
1024,323
1024,324
1024,325
1024,326
1024,327
1024,328
1024,329
1024,330
1025,187
1025,188
1025,189
1025,190
1025,191
1025,192
1025,193
1025,194
1025,195
1025,196
1025,197
1025,198
1025,199
1025,200
1025,201
1025,202
1025,203
1025,204
1025,205
1025,206
1025,207
1025,208
1025,209
1025,210
1025,211
1025,212
1025,213
1025,214
1025,215
1025,216
1025,217
1025,218
1025,313
1025,314
1025,315
1025,316
1025,317
1025,318
1025,319
1025,320
1025,321
1025,322
1025,323
1025,324
1025,325
1025,326
1025,327
1025,328
1025,329
1025,330
1026,187
1026,188
1026,189
1026,190
1026,191
1026,192
1026,193
1026,194
1026,195
1026,196
1026,197
1026,198
1026,199
1026,200
1026,201
1026,202
1026,203
1026,204
1026,205
1026,206
1026,207
1026,208
1026,209
1026,210
1026,211
1026,212
1026,213
1026,214
1026,215
1026,216
1026,217
1026,218
1026,313
1026,314
1026,315
1026,316
1026,317
1026,318
1026,319
1026,320
1026,321
1026,322
1026,323
1026,324
1026,325
1026,326
1026,327
1026,328
1026,329
1026,330
1027,187
1027,188
1027,189
1027,190
1027,191
1027,192
1027,193
1027,194
1027,195
1027,196
1027,197
1027,198
1027,199
1027,200
1027,201
1027,202
1027,203
1027,204
1027,205
1027,206
1027,207
1027,208
1027,209
1027,210
1027,211
1027,212
1027,213
1027,214
1027,215
1027,216
1027,217
1027,218
1027,313
1027,314
1027,315
1027,316
1027,317
1027,318
1027,319
1027,320
1027,321
1027,322
1027,323
1027,324
1027,325
1027,326
1027,327
1027,328
1027,329
1027,330
1028,187
1028,188
1028,189
1028,190
1028,191
1028,192
1028,193
1028,194
1028,195
1028,196
1028,197
1028,198
1028,199
1028,200
1028,201
1028,202
1028,203
1028,204
1028,205
1028,206
1028,207
1028,208
1028,209
1028,210
1028,211
1028,212
1028,213
1028,214
1028,215
1028,216
1028,217
1028,218
1028,313
1028,314
1028,315
1028,316
1028,317
1028,318
1028,319
1028,320
1028,321
1028,322
1028,323
1028,324
1028,325
1028,326
1028,327
1028,328
1028,329
1028,330
1029,187
1029,188
1029,189
1029,190
1029,191
1029,192
1029,193
1029,194
1029,195
1029,196
1029,197
1029,198
1029,199
1029,200
1029,201
1029,202
1029,203
1029,204
1029,205
1029,206
1029,207
1029,208
1029,209
1029,210
1029,211
1029,212
1029,213
1029,214
1029,215
1029,216
1029,217
1029,218
1029,313
1029,314
1029,315
1029,316
1029,317
1029,318
1029,319
1029,320
1029,321
1029,322
1029,323
1029,324
1029,325
1029,326
1029,327
1029,328
1029,329
1029,330
1030,187
1030,188
1030,189
1030,190
1030,191
1030,192
1030,193
1030,194
1030,195
1030,196
1030,197
1030,198
1030,199
1030,200
1030,201
1030,202
1030,203
1030,204
1030,205
1030,206
1030,207
1030,208
1030,209
1030,210
1030,211
1030,212
1030,213
1030,214
1030,215
1030,216
1030,217
1030,218
1030,313
1030,314
1030,315
1030,316
1030,317
1030,318
1030,319
1030,320
1030,321
1030,322
1030,323
1030,324
1030,325
1030,326
1030,327
1030,328
1030,329
1030,330
1031,187
1031,188
1031,189
1031,190
1031,191
1031,192
1031,193
1031,194
1031,195
1031,196
1031,197
1031,198
1031,199
1031,200
1031,201
1031,202
1031,203
1031,204
1031,205
1031,206
1031,207
1031,208
1031,209
1031,210
1031,211
1031,212
1031,213
1031,214
1031,215
1031,216
1031,217
1031,218
1031,313
1031,314
1031,315
1031,316
1031,317
1031,318
1031,319
1031,320
1031,321
1031,322
1031,323
1031,324
1031,325
1031,326
1031,327
1031,328
1031,329
1031,330
1032,187
1032,188
1032,189
1032,190
1032,191
1032,192
1032,193
1032,194
1032,195
1032,196
1032,197
1032,198
1032,199
1032,200
1032,201
1032,202
1032,203
1032,204
1032,205
1032,206
1032,207
1032,208
1032,209
1032,210
1032,211
1032,212
1032,213
1032,214
1032,215
1032,216
1032,217
1032,218
1032,313
1032,314
1032,315
1032,316
1032,317
1032,318
1032,319
1032,320
1032,321
1032,322
1032,323
1032,324
1032,325
1032,326
1032,327
1032,328
1032,329
1032,330
1033,187
1033,188
1033,189
1033,190
1033,191
1033,192
1033,193
1033,194
1033,195
1033,196
1033,197
1033,198
1033,199
1033,200
1033,201
1033,202
1033,203
1033,204
1033,205
1033,206
1033,207
1033,208
1033,209
1033,210
1033,211
1033,212
1033,213
1033,214
1033,215
1033,216
1033,217
1033,218
1033,313
1033,314
1033,315
1033,316
1033,317
1033,318
1033,319
1033,320
1033,321
1033,322
1033,323
1033,324
1033,325
1033,326
1033,327
1033,328
1033,329
1033,330
1034,187
1034,188
1034,189
1034,190
1034,191
1034,192
1034,193
1034,194
1034,195
1034,196
1034,197
1034,198
1034,199
1034,200
1034,201
1034,202
1034,203
1034,204
1034,205
1034,206
1034,207
1034,208
1034,209
1034,210
1034,211
1034,212
1034,213
1034,214
1034,215
1034,216
1034,217
1034,218
1034,313
1034,314
1034,315
1034,316
1034,317
1034,318
1034,319
1034,320
1034,321
1034,322
1034,323
1034,324
1034,325
1034,326
1034,327
1034,328
1034,329
1034,330
1035,187
1035,188
1035,189
1035,190
1035,191
1035,192
1035,193
1035,194
1035,195
1035,196
1035,197
1035,198
1035,199
1035,200
1035,201
1035,202
1035,203
1035,204
1035,205
1035,206
1035,207
1035,208
1035,209
1035,210
1035,211
1035,212
1035,213
1035,214
1035,215
1035,216
1035,217
1035,218
1035,313
1035,314
1035,315
1035,316
1035,317
1035,318
1035,319
1035,320
1035,321
1035,322
1035,323
1035,324
1035,325
1035,326
1035,327
1035,328
1035,329
1035,330
1036,187
1036,188
1036,189
1036,190
1036,191
1036,192
1036,193
1036,194
1036,195
1036,196
1036,197
1036,198
1036,199
1036,200
1036,201
1036,202
1036,203
1036,204
1036,205
1036,206
1036,207
1036,208
1036,209
1036,210
1036,211
1036,212
1036,213
1036,214
1036,215
1036,216
1036,217
1036,218
1036,313
1036,314
1036,315
1036,316
1036,317
1036,318
1036,319
1036,320
1036,321
1036,322
1036,323
1036,324
1036,325
1036,326
1036,327
1036,328
1036,329
1036,330
1037,187
1037,188
1037,189
1037,190
1037,191
1037,192
1037,193
1037,194
1037,195
1037,196
1037,197
1037,198
1037,199
1037,200
1037,201
1037,202
1037,203
1037,204
1037,205
1037,206
1037,207
1037,208
1037,209
1037,210
1037,211
1037,212
1037,213
1037,214
1037,215
1037,216
1037,217
1037,218
1037,313
1037,314
1037,315
1037,316
1037,317
1037,318
1037,319
1037,320
1037,321
1037,322
1037,323
1037,324
1037,325
1037,326
1037,327
1037,328
1037,329
1037,330
1038,187
1038,188
1038,189
1038,190
1038,191
1038,192
1038,193
1038,194
1038,195
1038,196
1038,197
1038,198
1038,199
1038,200
1038,201
1038,202
1038,203
1038,204
1038,205
1038,206
1038,207
1038,208
1038,209
1038,210
1038,211
1038,212
1038,213
1038,214
1038,215
1038,216
1038,217
1038,218
1038,313
1038,314
1038,315
1038,316
1038,317
1038,318
1038,319
1038,320
1038,321
1038,322
1038,323
1038,324
1038,325
1038,326
1038,327
1038,328
1038,329
1038,330
1039,187
1039,188
1039,189
1039,190
1039,191
1039,192
1039,193
1039,194
1039,195
1039,196
1039,197
1039,198
1039,199
1039,200
1039,201
1039,202
1039,203
1039,204
1039,205
1039,206
1039,207
1039,208
1039,209
1039,210
1039,211
1039,212
1039,213
1039,214
1039,215
1039,216
1039,217
1039,218
1039,313
1039,314
1039,315
1039,316
1039,317
1039,318
1039,319
1039,320
1039,321
1039,322
1039,323
1039,324
1039,325
1039,326
1039,327
1039,328
1039,329
1039,330
1040,187
1040,188
1040,189
1040,190
1040,191
1040,192
1040,193
1040,194
1040,195
1040,196
1040,197
1040,198
1040,199
1040,200
1040,201
1040,202
1040,203
1040,204
1040,205
1040,206
1040,207
1040,208
1040,209
1040,210
1040,211
1040,212
1040,213
1040,214
1040,215
1040,216
1040,217
1040,218
1040,313
1040,314
1040,315
1040,316
1040,317
1040,318
1040,319
1040,320
1040,321
1040,322
1040,323
1040,324
1040,325
1040,326
1040,327
1040,328
1040,329
1040,330
1041,187
1041,188
1041,189
1041,190
1041,191
1041,192
1041,193
1041,194
1041,195
1041,196
1041,197
1041,198
1041,199
1041,200
1041,201
1041,202
1041,203
1041,204
1041,205
1041,206
1041,207
1041,208
1041,209
1041,210
1041,211
1041,212
1041,213
1041,214
1041,215
1041,216
1041,217
1041,218
1041,313
1041,314
1041,315
1041,316
1041,317
1041,318
1041,319
1041,320
1041,321
1041,322
1041,323
1041,324
1041,325
1041,326
1041,327
1041,328
1041,329
1041,330
1042,187
1042,188
1042,189
1042,190
1042,191
1042,192
1042,193
1042,194
1042,195
1042,196
1042,197
1042,198
1042,199
1042,200
1042,201
1042,202
1042,203
1042,204
1042,205
1042,206
1042,207
1042,208
1042,209
1042,210
1042,211
1042,212
1042,213
1042,214
1042,215
1042,216
1042,217
1042,218
1042,313
1042,314
1042,315
1042,316
1042,317
1042,318
1042,319
1042,320
1042,321
1042,322
1042,323
1042,324
1042,325
1042,326
1042,327
1042,328
1042,329
1042,330
1043,187
1043,188
1043,189
1043,190
1043,191
1043,192
1043,193
1043,194
1043,195
1043,196
1043,197
1043,198
1043,199
1043,200
1043,201
1043,202
1043,203
1043,204
1043,205
1043,206
1043,207
1043,208
1043,209
1043,210
1043,211
1043,212
1043,213
1043,214
1043,215
1043,216
1043,217
1043,218
1043,313
1043,314
1043,315
1043,316
1043,317
1043,318
1043,319
1043,320
1043,321
1043,322
1043,323
1043,324
1043,325
1043,326
1043,327
1043,328
1043,329
1043,330
1044,187
1044,188
1044,189
1044,190
1044,191
1044,192
1044,193
1044,194
1044,195
1044,196
1044,197
1044,198
1044,199
1044,200
1044,201
1044,202
1044,203
1044,204
1044,205
1044,206
1044,207
1044,208
1044,209
1044,210
1044,211
1044,212
1044,213
1044,214
1044,215
1044,216
1044,217
1044,218
1044,313
1044,314
1044,315
1044,316
1044,317
1044,318
1044,319
1044,320
1044,321
1044,322
1044,323
1044,324
1044,325
1044,326
1044,327
1044,328
1044,329
1044,330
1045,187
1045,188
1045,189
1045,190
1045,191
1045,192
1045,193
1045,194
1045,195
1045,196
1045,197
1045,198
1045,199
1045,200
1045,201
1045,202
1045,203
1045,204
1045,205
1045,206
1045,207
1045,208
1045,209
1045,210
1045,211
1045,212
1045,213
1045,214
1045,215
1045,216
1045,217
1045,218
1045,313
1045,314
1045,315
1045,316
1045,317
1045,318
1045,319
1045,320
1045,321
1045,322
1045,323
1045,324
1045,325
1045,326
1045,327
1045,328
1045,329
1045,330
1046,187
1046,188
1046,189
1046,190
1046,191
1046,192
1046,193
1046,194
1046,195
1046,196
1046,197
1046,198
1046,199
1046,200
1046,201
1046,202
1046,203
1046,204
1046,205
1046,206
1046,207
1046,208
1046,209
1046,210
1046,211
1046,212
1046,213
1046,214
1046,215
1046,216
1046,217
1046,218
1046,313
1046,314
1046,315
1046,316
1046,317
1046,318
1046,319
1046,320
1046,321
1046,322
1046,323
1046,324
1046,325
1046,326
1046,327
1046,328
1046,329
1046,330
1047,187
1047,188
1047,189
1047,190
1047,191
1047,192
1047,193
1047,194
1047,195
1047,196
1047,197
1047,198
1047,199
1047,200
1047,201
1047,202
1047,203
1047,204
1047,205
1047,206
1047,207
1047,208
1047,209
1047,210
1047,211
1047,212
1047,213
1047,214
1047,215
1047,216
1047,217
1047,218
1047,313
1047,314
1047,315
1047,316
1047,317
1047,318
1047,319
1047,320
1047,321
1047,322
1047,323
1047,324
1047,325
1047,326
1047,327
1047,328
1047,329
1047,330
1048,187
1048,188
1048,189
1048,190
1048,191
1048,192
1048,193
1048,194
1048,195
1048,196
1048,197
1048,198
1048,199
1048,200
1048,201
1048,202
1048,203
1048,204
1048,205
1048,206
1048,207
1048,208
1048,209
1048,210
1048,211
1048,212
1048,213
1048,214
1048,215
1048,216
1048,217
1048,218
1048,313
1048,314
1048,315
1048,316
1048,317
1048,318
1048,319
1048,320
1048,321
1048,322
1048,323
1048,324
1048,325
1048,326
1048,327
1048,328
1048,329
1048,330
1049,187
1049,188
1049,189
1049,190
1049,191
1049,192
1049,193
1049,194
1049,195
1049,196
1049,197
1049,198
1049,199
1049,200
1049,201
1049,202
1049,203
1049,204
1049,205
1049,206
1049,207
1049,208
1049,209
1049,210
1049,211
1049,212
1049,213
1049,214
1049,215
1049,216
1049,217
1049,218
1049,313
1049,314
1049,315
1049,316
1049,317
1049,318
1049,319
1049,320
1049,321
1049,322
1049,323
1049,324
1049,325
1049,326
1049,327
1049,328
1049,329
1049,330
1050,187
1050,188
1050,189
1050,190
1050,191
1050,192
1050,193
1050,194
1050,195
1050,196
1050,197
1050,198
1050,199
1050,200
1050,201
1050,202
1050,203
1050,204
1050,205
1050,206
1050,207
1050,208
1050,209
1050,210
1050,211
1050,212
1050,213
1050,214
1050,215
1050,216
1050,217
1050,218
1050,313
1050,314
1050,315
1050,316
1050,317
1050,318
1050,319
1050,320
1050,321
1050,322
1050,323
1050,324
1050,325
1050,326
1050,327
1050,328
1050,329
1050,330
1051,187
1051,188
1051,189
1051,190
1051,191
1051,192
1051,193
1051,194
1051,195
1051,196
1051,197
1051,198
1051,199
1051,200
1051,201
1051,202
1051,203
1051,204
1051,205
1051,206
1051,207
1051,208
1051,209
1051,210
1051,211
1051,212
1051,213
1051,214
1051,215
1051,216
1051,217
1051,218
1051,313
1051,314
1051,315
1051,316
1051,317
1051,318
1051,319
1051,320
1051,321
1051,322
1051,323
1051,324
1051,325
1051,326
1051,327
1051,328
1051,329
1051,330
1052,187
1052,188
1052,189
1052,190
1052,191
1052,192
1052,193
1052,194
1052,195
1052,196
1052,197
1052,198
1052,199
1052,200
1052,201
1052,202
1052,203
1052,204
1052,205
1052,206
1052,207
1052,208
1052,209
1052,210
1052,211
1052,212
1052,213
1052,214
1052,215
1052,216
1052,217
1052,218
1052,313
1052,314
1052,315
1052,316
1052,317
1052,318
1052,319
1052,320
1052,321
1052,322
1052,323
1052,324
1052,325
1052,326
1052,327
1052,328
1052,329
1052,330
1053,187
1053,188
1053,189
1053,190
1053,191
1053,192
1053,193
1053,194
1053,195
1053,196
1053,197
1053,198
1053,199
1053,200
1053,201
1053,202
1053,203
1053,204
1053,205
1053,206
1053,207
1053,208
1053,209
1053,210
1053,211
1053,212
1053,213
1053,214
1053,215
1053,216
1053,217
1053,218
1053,313
1053,314
1053,315
1053,316
1053,317
1053,318
1053,319
1053,320
1053,321
1053,322
1053,323
1053,324
1053,325
1053,326
1053,327
1053,328
1053,329
1053,330
1054,187
1054,188
1054,189
1054,190
1054,191
1054,192
1054,193
1054,194
1054,195
1054,196
1054,197
1054,198
1054,199
1054,200
1054,201
1054,202
1054,203
1054,204
1054,205
1054,206
1054,207
1054,208
1054,209
1054,210
1054,211
1054,212
1054,213
1054,214
1054,215
1054,216
1054,217
1054,218
1054,313
1054,314
1054,315
1054,316
1054,317
1054,318
1054,319
1054,320
1054,321
1054,322
1054,323
1054,324
1054,325
1054,326
1054,327
1054,328
1054,329
1054,330
1055,187
1055,188
1055,189
1055,190
1055,191
1055,192
1055,193
1055,194
1055,195
1055,196
1055,197
1055,198
1055,199
1055,200
1055,201
1055,202
1055,203
1055,204
1055,205
1055,206
1055,207
1055,208
1055,209
1055,210
1055,211
1055,212
1055,213
1055,214
1055,215
1055,216
1055,217
1055,218
1055,313
1055,314
1055,315
1055,316
1055,317
1055,318
1055,319
1055,320
1055,321
1055,322
1055,323
1055,324
1055,325
1055,326
1055,327
1055,328
1055,329
1055,330
1056,187
1056,188
1056,189
1056,190
1056,191
1056,192
1056,193
1056,194
1056,195
1056,196
1056,197
1056,198
1056,199
1056,200
1056,201
1056,202
1056,203
1056,204
1056,205
1056,206
1056,207
1056,208
1056,209
1056,210
1056,211
1056,212
1056,213
1056,214
1056,215
1056,216
1056,217
1056,218
1056,313
1056,314
1056,315
1056,316
1056,317
1056,318
1056,319
1056,320
1056,321
1056,322
1056,323
1056,324
1056,325
1056,326
1056,327
1056,328
1056,329
1056,330
1057,187
1057,188
1057,189
1057,190
1057,191
1057,192
1057,193
1057,194
1057,195
1057,196
1057,197
1057,198
1057,199
1057,200
1057,201
1057,202
1057,203
1057,204
1057,205
1057,206
1057,207
1057,208
1057,209
1057,210
1057,211
1057,212
1057,213
1057,214
1057,215
1057,216
1057,217
1057,218
1057,313
1057,314
1057,315
1057,316
1057,317
1057,318
1057,319
1057,320
1057,321
1057,322
1057,323
1057,324
1057,325
1057,326
1057,327
1057,328
1057,329
1057,330
1058,187
1058,188
1058,189
1058,190
1058,191
1058,192
1058,193
1058,194
1058,195
1058,196
1058,197
1058,198
1058,199
1058,200
1058,201
1058,202
1058,203
1058,204
1058,205
1058,206
1058,207
1058,208
1058,209
1058,210
1058,211
1058,212
1058,213
1058,214
1058,215
1058,216
1058,217
1058,218
1058,313
1058,314
1058,315
1058,316
1058,317
1058,318
1058,319
1058,320
1058,321
1058,322
1058,323
1058,324
1058,325
1058,326
1058,327
1058,328
1058,329
1058,330
1059,187
1059,188
1059,189
1059,190
1059,191
1059,192
1059,193
1059,194
1059,195
1059,196
1059,197
1059,198
1059,199
1059,200
1059,201
1059,202
1059,203
1059,204
1059,205
1059,206
1059,207
1059,208
1059,209
1059,210
1059,211
1059,212
1059,213
1059,214
1059,215
1059,216
1059,217
1059,218
1059,313
1059,314
1059,315
1059,316
1059,317
1059,318
1059,319
1059,320
1059,321
1059,322
1059,323
1059,324
1059,325
1059,326
1059,327
1059,328
1059,329
1059,330
1060,187
1060,188
1060,189
1060,190
1060,191
1060,192
1060,193
1060,194
1060,195
1060,196
1060,197
1060,198
1060,199
1060,200
1060,201
1060,202
1060,203
1060,204
1060,205
1060,206
1060,207
1060,208
1060,209
1060,210
1060,211
1060,212
1060,213
1060,214
1060,215
1060,216
1060,217
1060,218
1060,313
1060,314
1060,315
1060,316
1060,317
1060,318
1060,319
1060,320
1060,321
1060,322
1060,323
1060,324
1060,325
1060,326
1060,327
1060,328
1060,329
1060,330
1061,187
1061,188
1061,189
1061,190
1061,191
1061,192
1061,193
1061,194
1061,195
1061,196
1061,197
1061,198
1061,199
1061,200
1061,201
1061,202
1061,203
1061,204
1061,205
1061,206
1061,207
1061,208
1061,209
1061,210
1061,211
1061,212
1061,213
1061,214
1061,215
1061,216
1061,217
1061,218
1061,313
1061,314
1061,315
1061,316
1061,317
1061,318
1061,319
1061,320
1061,321
1061,322
1061,323
1061,324
1061,325
1061,326
1061,327
1061,328
1061,329
1061,330
1062,187
1062,188
1062,189
1062,190
1062,191
1062,192
1062,193
1062,194
1062,195
1062,196
1062,197
1062,198
1062,199
1062,200
1062,201
1062,202
1062,203
1062,204
1062,205
1062,206
1062,207
1062,208
1062,209
1062,210
1062,211
1062,212
1062,213
1062,214
1062,215
1062,216
1062,217
1062,218
1062,313
1062,314
1062,315
1062,316
1062,317
1062,318
1062,319
1062,320
1062,321
1062,322
1062,323
1062,324
1062,325
1062,326
1062,327
1062,328
1062,329
1062,330
1063,187
1063,188
1063,189
1063,190
1063,191
1063,192
1063,193
1063,194
1063,195
1063,196
1063,197
1063,198
1063,199
1063,200
1063,201
1063,202
1063,203
1063,204
1063,205
1063,206
1063,207
1063,208
1063,209
1063,210
1063,211
1063,212
1063,213
1063,214
1063,215
1063,216
1063,217
1063,218
1063,313
1063,314
1063,315
1063,316
1063,317
1063,318
1063,319
1063,320
1063,321
1063,322
1063,323
1063,324
1063,325
1063,326
1063,327
1063,328
1063,329
1063,330
1064,187
1064,188
1064,189
1064,190
1064,191
1064,192
1064,193
1064,194
1064,195
1064,196
1064,197
1064,198
1064,199
1064,200
1064,201
1064,202
1064,203
1064,204
1064,205
1064,206
1064,207
1064,208
1064,209
1064,210
1064,211
1064,212
1064,213
1064,214
1064,215
1064,216
1064,217
1064,218
1064,313
1064,314
1064,315
1064,316
1064,317
1064,318
1064,319
1064,320
1064,321
1064,322
1064,323
1064,324
1064,325
1064,326
1064,327
1064,328
1064,329
1064,330
1065,187
1065,188
1065,189
1065,190
1065,191
1065,192
1065,193
1065,194
1065,195
1065,196
1065,197
1065,198
1065,199
1065,200
1065,201
1065,202
1065,203
1065,204
1065,205
1065,206
1065,207
1065,208
1065,209
1065,210
1065,211
1065,212
1065,213
1065,214
1065,215
1065,216
1065,217
1065,218
1065,313
1065,314
1065,315
1065,316
1065,317
1065,318
1065,319
1065,320
1065,321
1065,322
1065,323
1065,324
1065,325
1065,326
1065,327
1065,328
1065,329
1065,330
1066,187
1066,188
1066,189
1066,190
1066,191
1066,192
1066,193
1066,194
1066,195
1066,196
1066,197
1066,198
1066,199
1066,200
1066,201
1066,202
1066,203
1066,204
1066,205
1066,206
1066,207
1066,208
1066,209
1066,210
1066,211
1066,212
1066,213
1066,214
1066,215
1066,216
1066,217
1066,218
1066,313
1066,314
1066,315
1066,316
1066,317
1066,318
1066,319
1066,320
1066,321
1066,322
1066,323
1066,324
1066,325
1066,326
1066,327
1066,328
1066,329
1066,330
